ticker,ym,month_end,revenue
2059,2026-09,2026-09-01,6466169000
2059,2026-08,2026-08-01,6407256000
2059,2026-07,2026-07-01,4442581000
2059,2026-06,2026-06-01,3791303000
2059,2026-05,2026-05-01,2595892000
2059,2026-04,2026-04-01,1918166000
2059,2026-03,2026-03-01,1756868000
2059,2026-02,2026-02-01,1774956000
2059,2026-01,2026-01-01,1722455000
2059,2025-12,2025-12-01,1659348000
2059,2025-11,2025-11-01,1567264000
2059,2025-10,2025-10-01,1507097000
2059,2025-09,2025-09-01,1454984000
2059,2025-08,2025-08-01,1406573000
2059,2025-07,2025-07-01,1386041000
2059,2025-06,2025-06-01,1393592000
2059,2025-05,2025-05-01,1449099000
2059,2025-04,2025-04-01,1381226000
2059,2025-03,2025-03-01,1339536000
2059,2025-02,2025-02-01,1233439000
2059,2025-01,2025-01-01,1122385000
2059,2024-12,2024-12-01,1013472000
2059,2024-11,2024-11-01,962289000
2059,2024-10,2024-10-01,821999000
2059,2024-09,2024-09-01,868862000
2059,2024-08,2024-08-01,885818000
2059,2024-07,2024-07-01,853539000
2059,2024-06,2024-06-01,868403000
2059,2024-05,2024-05-01,794727000
2059,2024-04,2024-04-01,776192000
2059,2024-03,2024-03-01,506067000
2059,2024-02,2024-02-01,655548000
2059,2024-01,2024-01-01,639013000
2059,2023-12,2023-12-01,610458000
2059,2023-11,2023-11-01,615320000
2059,2023-10,2023-10-01,506831000
2303,2026-09,2026-09-01,25044641000
2303,2026-08,2026-08-01,23844045000
2303,2026-07,2026-07-01,23124962000
2303,2026-06,2026-06-01,22943755000
2303,2026-05,2026-05-01,22663945000
2303,2026-04,2026-04-01,20830626000
2303,2026-03,2026-03-01,19345126000
2303,2026-02,2026-02-01,20862150000
2303,2026-01,2026-01-01,19280724000
2303,2025-12,2025-12-01,21233847000
2303,2025-11,2025-11-01,21294974000
2303,2025-10,2025-10-01,19927175000
2303,2025-09,2025-09-01,19159816000
2303,2025-08,2025-08-01,20040049000
2303,2025-07,2025-07-01,18823070000
2303,2025-06,2025-06-01,19480057000
2303,2025-05,2025-05-01,20454530000
2303,2025-04,2025-04-01,19858647000
2303,2025-03,2025-03-01,18193515000
2303,2025-02,2025-02-01,19806795000
2303,2025-01,2025-01-01,18965818000
2303,2024-12,2024-12-01,20049182000
2303,2024-11,2024-11-01,21371110000
2303,2024-10,2024-10-01,18942714000
2303,2024-09,2024-09-01,20645494000
2303,2024-08,2024-08-01,20896877000
2303,2024-07,2024-07-01,17548413000
2303,2024-06,2024-06-01,19509486000
2303,2024-05,2024-05-01,19741391000
2303,2024-04,2024-04-01,18167134000
2303,2024-03,2024-03-01,17451268000
2303,2024-02,2024-02-01,19013697000
2303,2024-01,2024-01-01,16979226000
2303,2023-12,2023-12-01,18787670000
2303,2023-11,2023-11-01,19191382000
2303,2023-10,2023-10-01,19052938000
2330,2026-08,2026-08-01,467580548000
2330,2026-07,2026-07-01,442679969000
2330,2026-06,2026-06-01,416975163000
2330,2026-05,2026-05-01,410725118000
2330,2026-04,2026-04-01,415191699000
2330,2026-03,2026-03-01,317656613000
2330,2026-02,2026-02-01,401255128000
2330,2026-01,2026-01-01,335003568000
2330,2025-12,2025-12-01,343613802000
2330,2025-11,2025-11-01,367473051000
2330,2025-10,2025-10-01,330980920000
2330,2025-09,2025-09-01,335771691000
2330,2025-08,2025-08-01,323165707000
2330,2025-07,2025-07-01,263708978000
2330,2025-06,2025-06-01,320515951000
2330,2025-05,2025-05-01,349566940000
2330,2025-04,2025-04-01,285956830000
2330,2025-03,2025-03-01,260008796000
2330,2025-02,2025-02-01,293288038000
2330,2025-01,2025-01-01,278163107000
2330,2024-12,2024-12-01,276058358000
2330,2024-11,2024-11-01,314239713000
2330,2024-10,2024-10-01,251872717000
2330,2024-09,2024-09-01,250866368000
2330,2024-08,2024-08-01,256953058000
2330,2024-07,2024-07-01,207868693000
2330,2024-06,2024-06-01,229620372000
2330,2024-05,2024-05-01,236021112000
2330,2024-04,2024-04-01,195210804000
2330,2024-03,2024-03-01,181648270000
2330,2024-02,2024-02-01,215785127000
2330,2024-01,2024-01-01,176299866000
2330,2023-12,2023-12-01,206026179000
2330,2023-11,2023-11-01,243202811000
2330,2023-10,2023-10-01,180430282000
2330,2023-09,2023-09-01,188686256000
2344,2026-09,2026-09-01,27308717000
2344,2026-08,2026-08-01,26773179000
2344,2026-07,2026-07-01,20596799000
2344,2026-06,2026-06-01,20001444000
2344,2026-05,2026-05-01,19245022000
2344,2026-04,2026-04-01,14501399000
2344,2026-03,2026-03-01,11973254000
2344,2026-02,2026-02-01,11778411000
2344,2026-01,2026-01-01,9770303000
2344,2025-12,2025-12-01,8629567000
2344,2025-11,2025-11-01,8225204000
2344,2025-10,2025-10-01,7920210000
2344,2025-09,2025-09-01,7012528000
2344,2025-08,2025-08-01,6837785000
2344,2025-07,2025-07-01,7105364000
2344,2025-06,2025-06-01,7093516000
2344,2025-05,2025-05-01,6819077000
2344,2025-04,2025-04-01,7572802000
2344,2025-03,2025-03-01,6353503000
2344,2025-02,2025-02-01,6066312000
2344,2025-01,2025-01-01,6372253000
2344,2024-12,2024-12-01,6221805000
2344,2024-11,2024-11-01,6097945000
2344,2024-10,2024-10-01,7231483000
2344,2024-09,2024-09-01,6997545000
2344,2024-08,2024-08-01,7083403000
2344,2024-07,2024-07-01,7377553000
2344,2024-06,2024-06-01,7125163000
2344,2024-05,2024-05-01,6981267000
2344,2024-04,2024-04-01,7511330000
2344,2024-03,2024-03-01,6207435000
2344,2024-02,2024-02-01,6402586000
2344,2024-01,2024-01-01,6507308000
2344,2023-12,2023-12-01,6368389000
2344,2023-11,2023-11-01,6297972000
2344,2023-10,2023-10-01,6766334000
2376,2026-09,2026-09-01,47400848000
2376,2026-08,2026-08-01,44213037000
2376,2026-07,2026-07-01,42892460000
2376,2026-06,2026-06-01,49053470000
2376,2026-05,2026-05-01,52267730000
2376,2026-04,2026-04-01,39028800000
2376,2026-03,2026-03-01,32908194000
2376,2026-02,2026-02-01,33118551000
2376,2026-01,2026-01-01,30306210000
2376,2025-12,2025-12-01,30729748000
2376,2025-11,2025-11-01,28318245000
2376,2025-10,2025-10-01,27988237000
2376,2025-09,2025-09-01,23888296000
2376,2025-08,2025-08-01,27690083000
2376,2025-07,2025-07-01,25447702000
2376,2025-06,2025-06-01,46728346000
2376,2025-05,2025-05-01,30098100000
2376,2025-04,2025-04-01,22322801000
2376,2025-03,2025-03-01,22326218000
2376,2025-02,2025-02-01,21091561000
2376,2025-01,2025-01-01,17597178000
2376,2024-12,2024-12-01,22242930000
2376,2024-11,2024-11-01,25771684000
2376,2024-10,2024-10-01,26735874000
2376,2024-09,2024-09-01,24662927000
2376,2024-08,2024-08-01,19035807000
2376,2024-07,2024-07-01,22932130000
2376,2024-06,2024-06-01,22477138000
2376,2024-05,2024-05-01,28523875000
2376,2024-04,2024-04-01,24253194000
2376,2024-03,2024-03-01,13968881000
2376,2024-02,2024-02-01,16930021000
2376,2024-01,2024-01-01,12845855000
2376,2023-12,2023-12-01,15915793000
2376,2023-11,2023-11-01,16764958000
2376,2023-10,2023-10-01,16271282000
2408,2026-09,2026-09-01,44690268000
2408,2026-08,2026-08-01,43867609000
2408,2026-07,2026-07-01,29388309000
2408,2026-06,2026-06-01,27669563000
2408,2026-05,2026-05-01,25491201000
2408,2026-04,2026-04-01,18169760000
2408,2026-03,2026-03-01,15607184000
2408,2026-02,2026-02-01,15309988000
2408,2026-01,2026-01-01,12017152000
2408,2025-12,2025-12-01,10168737000
2408,2025-11,2025-11-01,7907729000
2408,2025-10,2025-10-01,6664140000
2408,2025-09,2025-09-01,6762501000
2408,2025-08,2025-08-01,5352227000
2408,2025-07,2025-07-01,4074153000
2408,2025-06,2025-06-01,3333121000
2408,2025-05,2025-05-01,3118820000
2408,2025-04,2025-04-01,2752833000
2408,2025-03,2025-03-01,2272734000
2408,2025-02,2025-02-01,2162373000
2408,2025-01,2025-01-01,2205531000
2408,2024-12,2024-12-01,2187326000
2408,2024-11,2024-11-01,2182240000
2408,2024-10,2024-10-01,2584927000
2408,2024-09,2024-09-01,2802250000
2408,2024-08,2024-08-01,2745416000
2408,2024-07,2024-07-01,3363197000
2408,2024-06,2024-06-01,3351375000
2408,2024-05,2024-05-01,3206471000
2408,2024-04,2024-04-01,3391358000
2408,2024-03,2024-03-01,3050934000
2408,2024-02,2024-02-01,3060645000
2408,2024-01,2024-01-01,3161948000
2408,2023-12,2023-12-01,2874000000
2408,2023-11,2023-11-01,2668030000
2408,2023-10,2023-10-01,2724287000
2409,2026-09,2026-09-01,23101650000
2409,2026-08,2026-08-01,20370071000
2409,2026-07,2026-07-01,24952469000
2409,2026-06,2026-06-01,23838344000
2409,2026-05,2026-05-01,22100381000
2409,2026-04,2026-04-01,26020730000
2409,2026-03,2026-03-01,20505355000
2409,2026-02,2026-02-01,22505270000
2409,2026-01,2026-01-01,25189520000
2409,2025-12,2025-12-01,24036310000
2409,2025-11,2025-11-01,20915737000
2409,2025-10,2025-10-01,24445426000
2409,2025-09,2025-09-01,24539457000
2409,2025-08,2025-08-01,20922673000
2409,2025-07,2025-07-01,21921538000
2409,2025-06,2025-06-01,24177397000
2409,2025-05,2025-05-01,23137814000
2409,2025-04,2025-04-01,25852917000
2409,2025-03,2025-03-01,24605664000
2409,2025-02,2025-02-01,21643289000
2409,2025-01,2025-01-01,24593946000
2409,2024-12,2024-12-01,23256940000
2409,2024-11,2024-11-01,20873385000
2409,2024-10,2024-10-01,25871576000
2409,2024-09,2024-09-01,27012994000
2409,2024-08,2024-08-01,24863565000
2409,2024-07,2024-07-01,25221323000
2409,2024-06,2024-06-01,25339522000
2409,2024-05,2024-05-01,23767101000
2409,2024-04,2024-04-01,21203584000
2409,2024-03,2024-03-01,19832105000
2409,2024-02,2024-02-01,18441642000
2409,2024-01,2024-01-01,21996796000
2409,2023-12,2023-12-01,20181223000
2409,2023-11,2023-11-01,21167778000
2409,2023-10,2023-10-01,24568621000
2454,2026-08,2026-08-01,48474930000
2454,2026-07,2026-07-01,58011756000
2454,2026-06,2026-06-01,47434191000
2454,2026-05,2026-05-01,46736664000
2454,2026-04,2026-04-01,63219184000
2454,2026-03,2026-03-01,38954271000
2454,2026-02,2026-02-01,46977055000
2454,2026-01,2026-01-01,51266079000
2454,2025-12,2025-12-01,46895680000
2454,2025-11,2025-11-01,52026251000
2454,2025-10,2025-10-01,54330057000
2454,2025-09,2025-09-01,44546643000
2454,2025-08,2025-08-01,43220164000
2454,2025-07,2025-07-01,56433621000
2454,2025-06,2025-06-01,45180526000
2454,2025-05,2025-05-01,48754424000
2454,2025-04,2025-04-01,55996226000
2454,2025-03,2025-03-01,46171723000
2454,2025-02,2025-02-01,51144288000
2454,2025-01,2025-01-01,41683430000
2454,2024-12,2024-12-01,45242346000
2454,2024-11,2024-11-01,51117348000
2454,2024-10,2024-10-01,44675936000
2454,2024-09,2024-09-01,41527835000
2454,2024-08,2024-08-01,45609723000
2454,2024-07,2024-07-01,43092056000
2454,2024-06,2024-06-01,42151178000
2454,2024-05,2024-05-01,42027887000
2454,2024-04,2024-04-01,50479987000
2454,2024-03,2024-03-01,38481870000
2454,2024-02,2024-02-01,44496290000
2454,2024-01,2024-01-01,43679986000
2454,2023-12,2023-12-01,43071172000
2454,2023-11,2023-11-01,42810847000
2454,2023-10,2023-10-01,36078033000
2454,2023-09,2023-09-01,42256360000
2455,2026-09,2026-09-01,470904000
2455,2026-08,2026-08-01,422106000
2455,2026-07,2026-07-01,325993000
2455,2026-06,2026-06-01,320785000
2455,2026-05,2026-05-01,318595000
2455,2026-04,2026-04-01,311246000
2455,2026-03,2026-03-01,307741000
2455,2026-02,2026-02-01,340323000
2455,2026-01,2026-01-01,319238000
2455,2025-12,2025-12-01,285178000
2455,2025-11,2025-11-01,355173000
2455,2025-10,2025-10-01,346803000
2455,2025-09,2025-09-01,275126000
2455,2025-08,2025-08-01,290875000
2455,2025-07,2025-07-01,263848000
2455,2025-06,2025-06-01,218948000
2455,2025-05,2025-05-01,231292000
2455,2025-04,2025-04-01,266842000
2455,2025-03,2025-03-01,265548000
2455,2025-02,2025-02-01,261272000
2455,2025-01,2025-01-01,248868000
2455,2024-12,2024-12-01,237339000
2455,2024-11,2024-11-01,236267000
2455,2024-10,2024-10-01,269294000
2455,2024-09,2024-09-01,273961000
2455,2024-08,2024-08-01,262493000
2455,2024-07,2024-07-01,296919000
2455,2024-06,2024-06-01,291927000
2455,2024-05,2024-05-01,286755000
2455,2024-04,2024-04-01,295997000
2455,2024-03,2024-03-01,263703000
2455,2024-02,2024-02-01,277694000
2455,2024-01,2024-01-01,294549000
2455,2023-12,2023-12-01,325709000
2455,2023-11,2023-11-01,316680000
2455,2023-10,2023-10-01,286930000
2465,2026-09,2026-09-01,1180621000
2465,2026-08,2026-08-01,1070629000
2465,2026-07,2026-07-01,937969000
2465,2026-06,2026-06-01,704375000
2465,2026-05,2026-05-01,863341000
2465,2026-04,2026-04-01,624910000
2465,2026-03,2026-03-01,477648000
2465,2026-02,2026-02-01,466630000
2465,2026-01,2026-01-01,360721000
2465,2025-12,2025-12-01,307434000
2465,2025-11,2025-11-01,259818000
2465,2025-10,2025-10-01,1426276000
2465,2025-09,2025-09-01,244302000
2465,2025-08,2025-08-01,281096000
2465,2025-07,2025-07-01,145673000
2465,2025-06,2025-06-01,299296000
2465,2025-05,2025-05-01,313034000
2465,2025-04,2025-04-01,341205000
2465,2025-03,2025-03-01,210023000
2465,2025-02,2025-02-01,269109000
2465,2025-01,2025-01-01,938899000
2465,2024-12,2024-12-01,340838000
2465,2024-11,2024-11-01,348625000
2465,2024-10,2024-10-01,325865000
2465,2024-09,2024-09-01,427360000
2465,2024-08,2024-08-01,255025000
2465,2024-07,2024-07-01,211274000
2465,2024-06,2024-06-01,260814000
2465,2024-05,2024-05-01,247293000
2465,2024-04,2024-04-01,383428000
2465,2024-03,2024-03-01,223093000
2465,2024-02,2024-02-01,333294000
2465,2024-01,2024-01-01,591964000
2465,2023-12,2023-12-01,710103000
2465,2023-11,2023-11-01,419757000
2465,2023-10,2023-10-01,442025000
3034,2026-09,2026-09-01,10327444000
3034,2026-08,2026-08-01,10296332000
3034,2026-07,2026-07-01,10022596000
3034,2026-06,2026-06-01,9412486000
3034,2026-05,2026-05-01,9225016000
3034,2026-04,2026-04-01,8468607000
3034,2026-03,2026-03-01,7059376000
3034,2026-02,2026-02-01,7617321000
3034,2026-01,2026-01-01,7319722000
3034,2025-12,2025-12-01,7618617000
3034,2025-11,2025-11-01,7878870000
3034,2025-10,2025-10-01,8278299000
3034,2025-09,2025-09-01,8174953000
3034,2025-08,2025-08-01,8120418000
3034,2025-07,2025-07-01,8425263000
3034,2025-06,2025-06-01,8607337000
3034,2025-05,2025-05-01,9119463000
3034,2025-04,2025-04-01,9372100000
3034,2025-03,2025-03-01,9267233000
3034,2025-02,2025-02-01,8480869000
3034,2025-01,2025-01-01,8527147000
3034,2024-12,2024-12-01,8212667000
3034,2024-11,2024-11-01,8522705000
3034,2024-10,2024-10-01,8918212000
3034,2024-09,2024-09-01,9680155000
3034,2024-08,2024-08-01,9267960000
3034,2024-07,2024-07-01,8463250000
3034,2024-06,2024-06-01,8438693000
3034,2024-05,2024-05-01,8329076000
3034,2024-04,2024-04-01,8575205000
3034,2024-03,2024-03-01,7132911000
3034,2024-02,2024-02-01,8719770000
3034,2024-01,2024-01-01,8679433000
3034,2023-12,2023-12-01,8948713000
3034,2023-11,2023-11-01,9525678000
3034,2023-10,2023-10-01,9560688000
3081,2026-09,2026-09-01,520469000
3081,2026-08,2026-08-01,501210000
3081,2026-07,2026-07-01,420507000
3081,2026-06,2026-06-01,405322000
3081,2026-05,2026-05-01,395349000
3081,2026-04,2026-04-01,343319000
3081,2026-03,2026-03-01,290300000
3081,2026-02,2026-02-01,270770000
3081,2026-01,2026-01-01,230664000
3081,2025-12,2025-12-01,210280000
3081,2025-11,2025-11-01,201479000
3081,2025-10,2025-10-01,186272000
3081,2025-09,2025-09-01,185285000
3081,2025-08,2025-08-01,181246000
3081,2025-07,2025-07-01,184322000
3081,2025-06,2025-06-01,185217000
3081,2025-05,2025-05-01,183555000
3081,2025-04,2025-04-01,181318000
3081,2025-03,2025-03-01,151644000
3081,2025-02,2025-02-01,121540000
3081,2025-01,2025-01-01,89084000
3081,2024-12,2024-12-01,85131000
3081,2024-11,2024-11-01,114595000
3081,2024-10,2024-10-01,110497000
3081,2024-09,2024-09-01,107291000
3081,2024-08,2024-08-01,105257000
3081,2024-07,2024-07-01,101560000
3081,2024-06,2024-06-01,68682000
3081,2024-05,2024-05-01,102346000
3081,2024-04,2024-04-01,110324000
3081,2024-03,2024-03-01,100496000
3081,2024-02,2024-02-01,113159000
3081,2024-01,2024-01-01,110473000
3081,2023-12,2023-12-01,105453000
3081,2023-11,2023-11-01,80821000
3081,2023-10,2023-10-01,62746000
3105,2026-09,2026-09-01,1937397000
3105,2026-08,2026-08-01,1892049000
3105,2026-07,2026-07-01,1767694000
3105,2026-06,2026-06-01,1755488000
3105,2026-05,2026-05-01,1734086000
3105,2026-04,2026-04-01,1648656000
3105,2026-03,2026-03-01,1473703000
3105,2026-02,2026-02-01,1467701000
3105,2026-01,2026-01-01,1614459000
3105,2025-12,2025-12-01,1620599000
3105,2025-11,2025-11-01,1559396000
3105,2025-10,2025-10-01,1560931000
3105,2025-09,2025-09-01,1484003000
3105,2025-08,2025-08-01,1442357000
3105,2025-07,2025-07-01,1364461000
3105,2025-06,2025-06-01,1251261000
3105,2025-05,2025-05-01,1164676000
3105,2025-04,2025-04-01,1228088000
3105,2025-03,2025-03-01,1170381000
3105,2025-02,2025-02-01,1177334000
3105,2025-01,2025-01-01,1229948000
3105,2024-12,2024-12-01,1250441000
3105,2024-11,2024-11-01,1225676000
3105,2024-10,2024-10-01,1235694000
3105,2024-09,2024-09-01,1501179000
3105,2024-08,2024-08-01,1610948000
3105,2024-07,2024-07-01,1665949000
3105,2024-06,2024-06-01,1653217000
3105,2024-05,2024-05-01,1642260000
3105,2024-04,2024-04-01,1613349000
3105,2024-03,2024-03-01,1315488000
3105,2024-02,2024-02-01,1514003000
3105,2024-01,2024-01-01,1667234000
3105,2023-12,2023-12-01,1610421000
3105,2023-11,2023-11-01,1590381000
3105,2023-10,2023-10-01,1381594000
3163,2026-09,2026-09-01,205091000
3163,2026-08,2026-08-01,210064000
3163,2026-07,2026-07-01,181188000
3163,2026-06,2026-06-01,211521000
3163,2026-05,2026-05-01,199142000
3163,2026-04,2026-04-01,247473000
3163,2026-03,2026-03-01,173919000
3163,2026-02,2026-02-01,234703000
3163,2026-01,2026-01-01,223394000
3163,2025-12,2025-12-01,213422000
3163,2025-11,2025-11-01,186088000
3163,2025-10,2025-10-01,190099000
3163,2025-09,2025-09-01,186973000
3163,2025-08,2025-08-01,163280000
3163,2025-07,2025-07-01,204803000
3163,2025-06,2025-06-01,162745000
3163,2025-05,2025-05-01,170936000
3163,2025-04,2025-04-01,200110000
3163,2025-03,2025-03-01,165097000
3163,2025-02,2025-02-01,158704000
3163,2025-01,2025-01-01,166142000
3163,2024-12,2024-12-01,152549000
3163,2024-11,2024-11-01,157909000
3163,2024-10,2024-10-01,168434000
3163,2024-09,2024-09-01,140363000
3163,2024-08,2024-08-01,147626000
3163,2024-07,2024-07-01,176791000
3163,2024-06,2024-06-01,130878000
3163,2024-05,2024-05-01,151778000
3163,2024-04,2024-04-01,156182000
3163,2024-03,2024-03-01,155064000
3163,2024-02,2024-02-01,237554000
3163,2024-01,2024-01-01,268317000
3163,2023-12,2023-12-01,274338000
3163,2023-11,2023-11-01,262123000
3163,2023-10,2023-10-01,251460000
3189,2026-09,2026-09-01,4809631000
3189,2026-08,2026-08-01,4548833000
3189,2026-07,2026-07-01,4224069000
3189,2026-06,2026-06-01,4199867000
3189,2026-05,2026-05-01,4072319000
3189,2026-04,2026-04-01,3939324000
3189,2026-03,2026-03-01,3204487000
3189,2026-02,2026-02-01,3961154000
3189,2026-01,2026-01-01,3688833000
3189,2025-12,2025-12-01,3521383000
3189,2025-11,2025-11-01,3601222000
3189,2025-10,2025-10-01,3586439000
3189,2025-09,2025-09-01,3421382000
3189,2025-08,2025-08-01,3348367000
3189,2025-07,2025-07-01,3193580000
3189,2025-06,2025-06-01,3157305000
3189,2025-05,2025-05-01,3212841000
3189,2025-04,2025-04-01,3150041000
3189,2025-03,2025-03-01,2913173000
3189,2025-02,2025-02-01,2556530000
3189,2025-01,2025-01-01,2945583000
3189,2024-12,2024-12-01,2520732000
3189,2024-11,2024-11-01,2576678000
3189,2024-10,2024-10-01,2646537000
3189,2024-09,2024-09-01,2858462000
3189,2024-08,2024-08-01,2692121000
3189,2024-07,2024-07-01,2400808000
3189,2024-06,2024-06-01,2511206000
3189,2024-05,2024-05-01,2388468000
3189,2024-04,2024-04-01,2443094000
3189,2024-03,2024-03-01,2238258000
3189,2024-02,2024-02-01,2313032000
3189,2024-01,2024-01-01,2450705000
3189,2023-12,2023-12-01,2530422000
3189,2023-11,2023-11-01,2508336000
3189,2023-10,2023-10-01,1978409000
3324,2026-09,2026-09-01,3141249000
3324,2026-08,2026-08-01,3765466000
3324,2026-07,2026-07-01,2718035000
3324,2026-06,2026-06-01,3138892000
3324,2026-05,2026-05-01,2842339000
3324,2026-04,2026-04-01,3329237000
3324,2026-03,2026-03-01,2178371000
3324,2026-02,2026-02-01,3041929000
3324,2026-01,2026-01-01,2821521000
3324,2025-12,2025-12-01,2443608000
3324,2025-11,2025-11-01,2329545000
3324,2025-10,2025-10-01,2340447000
3324,2025-09,2025-09-01,1878969000
3324,2025-08,2025-08-01,1737663000
3324,2025-07,2025-07-01,1676452000
3324,2025-06,2025-06-01,1620073000
3324,2025-05,2025-05-01,2017328000
3324,2025-04,2025-04-01,1736460000
3324,2025-03,2025-03-01,1304802000
3324,2025-02,2025-02-01,1372849000
3324,2025-01,2025-01-01,1359779000
3324,2024-12,2024-12-01,1370207000
3324,2024-11,2024-11-01,1395643000
3324,2024-10,2024-10-01,1424051000
3324,2024-09,2024-09-01,1424957000
3324,2024-08,2024-08-01,1368352000
3324,2024-07,2024-07-01,1691726000
3324,2024-06,2024-06-01,1375562000
3324,2024-05,2024-05-01,1215790000
3324,2024-04,2024-04-01,1137224000
3324,2024-03,2024-03-01,734828000
3324,2024-02,2024-02-01,1277332000
3324,2024-01,2024-01-01,1012516000
3324,2023-12,2023-12-01,1134393000
3324,2023-11,2023-11-01,1198024000
3324,2023-10,2023-10-01,1234989000
3363,2026-09,2026-09-01,204482000
3363,2026-08,2026-08-01,170843000
3363,2026-07,2026-07-01,157445000
3363,2026-06,2026-06-01,143800000
3363,2026-05,2026-05-01,127943000
3363,2026-04,2026-04-01,117274000
3363,2026-03,2026-03-01,128013000
3363,2026-02,2026-02-01,136682000
3363,2026-01,2026-01-01,131042000
3363,2025-12,2025-12-01,125440000
3363,2025-11,2025-11-01,134292000
3363,2025-10,2025-10-01,174688000
3363,2025-09,2025-09-01,180642000
3363,2025-08,2025-08-01,152411000
3363,2025-07,2025-07-01,186770000
3363,2025-06,2025-06-01,191237000
3363,2025-05,2025-05-01,204069000
3363,2025-04,2025-04-01,157864000
3363,2025-03,2025-03-01,100272000
3363,2025-02,2025-02-01,153267000
3363,2025-01,2025-01-01,107627000
3363,2024-12,2024-12-01,150187000
3363,2024-11,2024-11-01,102062000
3363,2024-10,2024-10-01,122342000
3363,2024-09,2024-09-01,126641000
3363,2024-08,2024-08-01,133715000
3363,2024-07,2024-07-01,124041000
3363,2024-06,2024-06-01,115703000
3363,2024-05,2024-05-01,113020000
3363,2024-04,2024-04-01,108199000
3363,2024-03,2024-03-01,71672000
3363,2024-02,2024-02-01,88668000
3363,2024-01,2024-01-01,117796000
3363,2023-12,2023-12-01,107961000
3363,2023-11,2023-11-01,111518000
3363,2023-10,2023-10-01,98200000
3450,2026-09,2026-09-01,1247981000
3450,2026-08,2026-08-01,1218533000
3450,2026-07,2026-07-01,1138635000
3450,2026-06,2026-06-01,960221000
3450,2026-05,2026-05-01,877785000
3450,2026-04,2026-04-01,727713000
3450,2026-03,2026-03-01,607616000
3450,2026-02,2026-02-01,751552000
3450,2026-01,2026-01-01,791973000
3450,2025-12,2025-12-01,631105000
3450,2025-11,2025-11-01,698870000
3450,2025-10,2025-10-01,645366000
3450,2025-09,2025-09-01,594962000
3450,2025-08,2025-08-01,615415000
3450,2025-07,2025-07-01,605082000
3450,2025-06,2025-06-01,640520000
3450,2025-05,2025-05-01,603299000
3450,2025-04,2025-04-01,977959000
3450,2025-03,2025-03-01,958464000
3450,2025-02,2025-02-01,821579000
3450,2025-01,2025-01-01,824908000
3450,2024-12,2024-12-01,786997000
3450,2024-11,2024-11-01,864645000
3450,2024-10,2024-10-01,797761000
3450,2024-09,2024-09-01,658197000
3450,2024-08,2024-08-01,644812000
3450,2024-07,2024-07-01,540921000
3450,2024-06,2024-06-01,575706000
3450,2024-05,2024-05-01,588227000
3450,2024-04,2024-04-01,477340000
3450,2024-03,2024-03-01,385194000
3450,2024-02,2024-02-01,422954000
3450,2024-01,2024-01-01,454498000
3450,2023-12,2023-12-01,484156000
3450,2023-11,2023-11-01,499660000
3450,2023-10,2023-10-01,489071000
3665,2026-09,2026-09-01,8891805000
3665,2026-08,2026-08-01,9630165000
3665,2026-07,2026-07-01,8518109000
3665,2026-06,2026-06-01,7352121000
3665,2026-05,2026-05-01,7382955000
3665,2026-04,2026-04-01,7013696000
3665,2026-03,2026-03-01,6387852000
3665,2026-02,2026-02-01,7455820000
3665,2026-01,2026-01-01,6640666000
3665,2025-12,2025-12-01,6538775000
3665,2025-11,2025-11-01,6581490000
3665,2025-10,2025-10-01,6706222000
3665,2025-09,2025-09-01,5774218000
3665,2025-08,2025-08-01,6034282000
3665,2025-07,2025-07-01,5200632000
3665,2025-06,2025-06-01,5201409000
3665,2025-05,2025-05-01,6228086000
3665,2025-04,2025-04-01,5738989000
3665,2025-03,2025-03-01,5001880000
3665,2025-02,2025-02-01,5555836000
3665,2025-01,2025-01-01,4641987000
3665,2024-12,2024-12-01,4910750000
3665,2024-11,2024-11-01,4911147000
3665,2024-10,2024-10-01,4589632000
3665,2024-09,2024-09-01,4558801000
3665,2024-08,2024-08-01,5010561000
3665,2024-07,2024-07-01,4270645000
3665,2024-06,2024-06-01,4319672000
3665,2024-05,2024-05-01,4501705000
3665,2024-04,2024-04-01,4270952000
3665,2024-03,2024-03-01,3836515000
3665,2024-02,2024-02-01,4256429000
3665,2024-01,2024-01-01,3488338000
3665,2023-12,2023-12-01,4142794000
3665,2023-11,2023-11-01,4486505000
3665,2023-10,2023-10-01,4304914000
4938,2026-08,2026-08-01,86015154000
4938,2026-07,2026-07-01,91295615000
4938,2026-06,2026-06-01,95962959000
4938,2026-05,2026-05-01,87189236000
4938,2026-04,2026-04-01,83964774000
4938,2026-03,2026-03-01,67982207000
4938,2026-02,2026-02-01,92158230000
4938,2026-01,2026-01-01,99893947000
4938,2025-12,2025-12-01,101800641000
4938,2025-11,2025-11-01,117826131000
4938,2025-10,2025-10-01,114908884000
4938,2025-09,2025-09-01,65843721000
4938,2025-08,2025-08-01,77103455000
4938,2025-07,2025-07-01,78771196000
4938,2025-06,2025-06-01,85685084000
4938,2025-05,2025-05-01,102871394000
4938,2025-04,2025-04-01,84630395000
4938,2025-03,2025-03-01,82478016000
4938,2025-02,2025-02-01,105321840000
4938,2025-01,2025-01-01,102445999000
4938,2024-12,2024-12-01,105757504000
4938,2024-11,2024-11-01,118801102000
4938,2024-10,2024-10-01,109264099000
4938,2024-09,2024-09-01,88437775000
4938,2024-08,2024-08-01,96528903000
4938,2024-07,2024-07-01,70928276000
4938,2024-06,2024-06-01,93103612000
4938,2024-05,2024-05-01,89675820000
4938,2024-04,2024-04-01,74751634000
4938,2024-03,2024-03-01,66296038000
4938,2024-02,2024-02-01,109353732000
4938,2024-01,2024-01-01,83100034000
4938,2023-12,2023-12-01,116781153000
4938,2023-11,2023-11-01,142204362000
4938,2023-10,2023-10-01,132827701000
4938,2023-09,2023-09-01,89353095000
4979,2026-09,2026-09-01,545866000
4979,2026-08,2026-08-01,508777000
4979,2026-07,2026-07-01,455083000
4979,2026-06,2026-06-01,421247000
4979,2026-05,2026-05-01,412778000
4979,2026-04,2026-04-01,451568000
4979,2026-03,2026-03-01,329586000
4979,2026-02,2026-02-01,412324000
4979,2026-01,2026-01-01,421117000
4979,2025-12,2025-12-01,414874000
4979,2025-11,2025-11-01,318369000
4979,2025-10,2025-10-01,290607000
4979,2025-09,2025-09-01,397141000
4979,2025-08,2025-08-01,388346000
4979,2025-07,2025-07-01,356414000
4979,2025-06,2025-06-01,347922000
4979,2025-05,2025-05-01,383150000
4979,2025-04,2025-04-01,375732000
4979,2025-03,2025-03-01,366068000
4979,2025-02,2025-02-01,325106000
4979,2025-01,2025-01-01,351851000
4979,2024-12,2024-12-01,366735000
4979,2024-11,2024-11-01,329524000
4979,2024-10,2024-10-01,324554000
4979,2024-09,2024-09-01,319033000
4979,2024-08,2024-08-01,302044000
4979,2024-07,2024-07-01,267703000
4979,2024-06,2024-06-01,264096000
4979,2024-05,2024-05-01,269469000
4979,2024-04,2024-04-01,263114000
4979,2024-03,2024-03-01,178135000
4979,2024-02,2024-02-01,214785000
4979,2024-01,2024-01-01,293695000
4979,2023-12,2023-12-01,390314000
4979,2023-11,2023-11-01,327755000
4979,2023-10,2023-10-01,299362000
5289,2026-09,2026-09-01,8680123000
5289,2026-08,2026-08-01,8494810000
5289,2026-07,2026-07-01,8207987000
5289,2026-06,2026-06-01,7564591000
5289,2026-05,2026-05-01,6670833000
5289,2026-04,2026-04-01,5672453000
5289,2026-03,2026-03-01,4178683000
5289,2026-02,2026-02-01,3331472000
5289,2026-01,2026-01-01,1813153000
5289,2025-12,2025-12-01,1596065000
5289,2025-11,2025-11-01,1397472000
5289,2025-10,2025-10-01,1370557000
5289,2025-09,2025-09-01,1283486000
5289,2025-08,2025-08-01,1153358000
5289,2025-07,2025-07-01,1030756000
5289,2025-06,2025-06-01,1021135000
5289,2025-05,2025-05-01,976538000
5289,2025-04,2025-04-01,970015000
5289,2025-03,2025-03-01,830404000
5289,2025-02,2025-02-01,818323000
5289,2025-01,2025-01-01,720756000
5289,2024-12,2024-12-01,759244000
5289,2024-11,2024-11-01,748005000
5289,2024-10,2024-10-01,712853000
5289,2024-09,2024-09-01,789600000
5289,2024-08,2024-08-01,818966000
5289,2024-07,2024-07-01,749527000
5289,2024-06,2024-06-01,675797000
5289,2024-05,2024-05-01,764905000
5289,2024-04,2024-04-01,755176000
5289,2024-03,2024-03-01,623797000
5289,2024-02,2024-02-01,797016000
5289,2024-01,2024-01-01,718585000
5289,2023-12,2023-12-01,722497000
5289,2023-11,2023-11-01,688967000
5289,2023-10,2023-10-01,696511000
5434,2026-09,2026-09-01,7791761000
5434,2026-08,2026-08-01,8173773000
5434,2026-07,2026-07-01,7507318000
5434,2026-06,2026-06-01,6542058000
5434,2026-05,2026-05-01,6776034000
5434,2026-04,2026-04-01,7014545000
5434,2026-03,2026-03-01,5517727000
5434,2026-02,2026-02-01,6004421000
5434,2026-01,2026-01-01,6479605000
5434,2025-12,2025-12-01,5740079000
5434,2025-11,2025-11-01,5078957000
5434,2025-10,2025-10-01,6092008000
5434,2025-09,2025-09-01,5715135000
5434,2025-08,2025-08-01,5731436000
5434,2025-07,2025-07-01,5650654000
5434,2025-06,2025-06-01,5515648000
5434,2025-05,2025-05-01,5820548000
5434,2025-04,2025-04-01,5369196000
5434,2025-03,2025-03-01,4843533000
5434,2025-02,2025-02-01,5546732000
5434,2025-01,2025-01-01,5450180000
5434,2024-12,2024-12-01,5218606000
5434,2024-11,2024-11-01,5238146000
5434,2024-10,2024-10-01,5314010000
5434,2024-09,2024-09-01,5304489000
5434,2024-08,2024-08-01,4748025000
5434,2024-07,2024-07-01,4530736000
5434,2024-06,2024-06-01,4581022000
5434,2024-05,2024-05-01,4679738000
5434,2024-04,2024-04-01,4138871000
5434,2024-03,2024-03-01,3744480000
5434,2024-02,2024-02-01,4048510000
5434,2024-01,2024-01-01,3927480000
5434,2023-12,2023-12-01,3961991000
5434,2023-11,2023-11-01,4343215000
5434,2023-10,2023-10-01,4210501000
6442,2026-09,2026-09-01,1628177000
6442,2026-08,2026-08-01,1229355000
6442,2026-07,2026-07-01,1069405000
6442,2026-06,2026-06-01,1725672000
6442,2026-05,2026-05-01,886439000
6442,2026-04,2026-04-01,1012955000
6442,2026-03,2026-03-01,738625000
6442,2026-02,2026-02-01,954509000
6442,2026-01,2026-01-01,1185469000
6442,2025-12,2025-12-01,809742000
6442,2025-11,2025-11-01,1006381000
6442,2025-10,2025-10-01,1045018000
6442,2025-09,2025-09-01,645477000
6442,2025-08,2025-08-01,823662000
6442,2025-07,2025-07-01,1052104000
6442,2025-06,2025-06-01,798847000
6442,2025-05,2025-05-01,1057879000
6442,2025-04,2025-04-01,576974000
6442,2025-03,2025-03-01,512631000
6442,2025-02,2025-02-01,1015105000
6442,2025-01,2025-01-01,1361285000
6442,2024-12,2024-12-01,554701000
6442,2024-11,2024-11-01,587739000
6442,2024-10,2024-10-01,561522000
6442,2024-09,2024-09-01,533264000
6442,2024-08,2024-08-01,546113000
6442,2024-07,2024-07-01,588151000
6442,2024-06,2024-06-01,495060000
6442,2024-05,2024-05-01,359103000
6442,2024-04,2024-04-01,322871000
6442,2024-03,2024-03-01,250814000
6442,2024-02,2024-02-01,252633000
6442,2024-01,2024-01-01,232903000
6442,2023-12,2023-12-01,156024000
6442,2023-11,2023-11-01,231218000
6442,2023-10,2023-10-01,201507000
