ticker,period,fy,fq,period_end,is_est,est_source,eps_basis,revenue,gross_profit,net_income,eps_diluted_adj,shares_diluted,treasury_shares,total_equity,dps,price_at_end,seq,key
2059,FY2026Q3E,2026,3,2026-09-30,Y,consensus,basic,,,,118.40075,,,,,,0,2059|0
2059,FY2026Q2,2026,2,2026-06-30,N,actual,basic,10830041000.0,9467885000.0,7088061000.0,74.38,95297100.0,0.0,33753838000.0,0.0,7360.0,1,2059|1
2059,FY2026Q1,2026,1,2026-03-31,N,actual,basic,5449725000.0,4236615000.0,3485810000.0,36.58,95297100.0,0.0,31528643000.0,0.0,3175.0,2,2059|2
2059,FY2025Q4,2025,4,2025-12-31,N,actual,basic,4949108000.0,3766315000.0,3514399000.0,36.88,95297100.0,0.0,28025959000.0,0.0,3750.0,3,2059|3
2059,FY2025Q3,2025,3,2025-09-30,N,actual,basic,4368654000.0,3258022000.0,3197092000.0,33.55,95297100.0,0.0,24487028000.0,32.2,3290.0,4,2059|4
2059,FY2025Q2,2025,2,2025-06-30,N,actual,basic,4228734000.0,3277081000.0,614102000.0,6.45,95297100.0,0.0,21257127000.0,0.0,2035.0,5,2059|5
2059,FY2025Q1,2025,1,2025-03-31,N,actual,basic,3954199000.0,3007358000.0,2511474000.0,26.35,95297100.0,0.0,23815668000.0,0.0,1650.0,6,2059|6
2059,FY2024Q4,2024,4,2024-12-31,N,actual,basic,3098146000.0,2224699000.0,2157266000.0,22.63,95297100.0,0.0,21292363000.0,0.0,1550.0,7,2059|7
2059,FY2024Q3,2024,3,2024-09-30,N,actual,basic,2576679000.0,1817552000.0,1154983000.0,12.12,95297100.0,0.0,19108196000.0,14.19,1100.0,8,2059|8
2059,FY2024Q2,2024,2,2024-06-30,N,actual,basic,2516669000.0,1752308000.0,1456409000.0,15.29,95297100.0,0.0,17969895000.0,0.0,1240.0,9,2059|9
2059,FY2024Q1,2024,1,2024-03-31,N,actual,basic,1937807000.0,1207120000.0,1386926000.0,14.55,95297100.0,0.0,17854479000.0,0.0,1250.0,10,2059|10
2059,FY2023Q4,2023,4,2023-12-31,N,actual,basic,1864791000.0,1246186000.0,549971000.0,5.77,95297100.0,0.0,16436179000.0,0.0,914.0,11,2059|11
2059,FY2023Q3,2023,3,2023-09-30,N,actual,basic,1423009000.0,831391000.0,981982000.0,10.31,95297100.0,0.0,15920681000.0,20.0,828.0,12,2059|12
2059,FY2023Q2,2023,2,2023-06-30,N,actual,basic,1313864000.0,777041000.0,714651000.0,7.5,95297100.0,0.0,14902262000.0,0.0,663.0,13,2059|13
2059,FY2023Q1,2023,1,2023-03-31,N,actual,basic,1161307000.0,676914000.0,457715000.0,4.8,95297100.0,0.0,16096464000.0,0.0,384.5,14,2059|14
2059,FY2022Q4,2022,4,2022-12-31,N,actual,basic,1988088000.0,1172923000.0,664877000.0,6.97,95297100.0,0.0,15638337000.0,0.0,384.0,15,2059|15
2059,FY2022Q3,2022,3,2022-09-30,N,actual,basic,2150386000.0,1237369000.0,1482338000.0,15.56,95297100.0,0.0,14966209000.0,10.88,473.0,16,2059|16
2059,FY2022Q2,2022,2,2022-06-30,N,actual,basic,1936635000.0,1127221000.0,999096000.0,10.48,95297100.0,0.0,13480162000.0,0.0,408.0,17,2059|17
2059,FY2022Q1,2022,1,2022-03-31,N,actual,basic,1723522000.0,928463000.0,909834000.0,9.55,95297100.0,0.0,13518277000.0,0.0,437.0,18,2059|18
2059,FY2021Q4,2021,4,2021-12-31,N,actual,basic,1816978000.0,977712000.0,623680000.0,6.55,95297100.0,0.0,12603287000.0,0.0,517.0,19,2059|19
2059,FY2021Q3,2021,3,2021-09-30,N,actual,basic,1758193000.0,959238000.0,630757000.0,6.62,95297100.0,0.0,11985796000.0,6.12,388.0,20,2059|20
2059,FY2021Q2,2021,2,2021-06-30,N,actual,basic,1490057000.0,778490000.0,384805000.0,4.03,95297100.0,0.0,11938541000.0,0.0,392.5,21,2059|21
2059,FY2021Q1,2021,1,2021-03-31,N,actual,basic,1276761000.0,639392000.0,433278000.0,4.55,95297100.0,0.0,11555111000.0,0.0,329.5,22,2059|22
2059,FY2020Q4,2020,4,2020-12-31,N,actual,basic,1263927000.0,617710000.0,243780000.0,2.56,95297100.0,0.0,11121041000.0,0.0,297.0,23,2059|23
2059,FY2020Q3,2020,3,2020-09-30,N,actual,basic,1197928000.0,609637000.0,296393000.0,3.11,95297100.0,0.0,10876707000.0,,280.0,24,2059|24
2303,FY2026Q3E,2026,3,2026-09-30,Y,consensus,basic,,,,1.4114,,,,,,0,2303|0
2303,FY2026Q2,2026,2,2026-06-30,N,actual,basic,68732662000.0,22322790000.0,42259962000.0,3.39,12576984900.0,30551000.0,443920249000.0,0.0,164.5,1,2303|1
2303,FY2026Q1,2026,1,2026-03-31,N,actual,basic,61037902000.0,17818490000.0,16171474000.0,1.29,12578524600.0,0.0,406700597000.0,0.0,56.5,2,2303|2
2303,FY2025Q4,2025,4,2025-12-31,N,actual,basic,61809545000.0,18958438000.0,10054918000.0,0.8,12588156300.0,0.0,379768265000.0,0.0,49.25,3,2303|3
2303,FY2025Q3,2025,3,2025-09-30,N,actual,basic,59127040000.0,17623318000.0,14982060000.0,1.2,12556327400.0,0.0,361060219000.0,0.0,45.55,4,2303|4
2303,FY2025Q2,2025,2,2025-06-30,N,actual,basic,58757657000.0,16878098000.0,8902530000.0,0.71,12556507700.0,0.0,336871499000.0,2.85016443,44.2,5,2303|5
2303,FY2025Q1,2025,1,2025-03-31,N,actual,basic,57858957000.0,15446645000.0,7776741000.0,0.62,12558359000.0,0.0,390604898000.0,0.0,44.65,6,2303|6
2303,FY2024Q4,2024,4,2024-12-31,N,actual,basic,60386110000.0,18342581000.0,8496583000.0,0.68,12560716400.0,0.0,377928391000.0,0.0,43.05,7,2303|7
2303,FY2024Q3,2024,3,2024-09-30,N,actual,basic,60485085000.0,20428845000.0,14472042000.0,1.16,12528466400.0,0.0,368203702000.0,3.00011747,53.8,8,2303|8
2303,FY2024Q2,2024,2,2024-06-30,N,actual,basic,56799290000.0,19983224000.0,13786163000.0,1.11,12528588900.0,0.0,355779378000.0,0.0,55.7,9,2303|9
2303,FY2024Q1,2024,1,2024-03-31,N,actual,basic,54632099000.0,16899430000.0,10456142000.0,0.84,12529034000.0,0.0,377912126000.0,0.0,52.2,10,2303|10
2303,FY2023Q4,2023,4,2023-12-31,N,actual,basic,54958278000.0,17806294000.0,13194797000.0,1.06,12529822200.0,0.0,359237713000.0,0.0,52.6,11,2303|11
2303,FY2023Q3,2023,3,2023-09-30,N,actual,basic,57068867000.0,20460952000.0,15970917000.0,1.29,12503139200.0,0.0,349677213000.0,0.0,45.2,12,2303|12
2303,FY2023Q2,2023,2,2023-06-30,N,actual,basic,56296408000.0,20252152000.0,15640917000.0,1.27,12503139200.0,0.0,326545196000.0,3.60046348,48.5,13,2303|13
2303,FY2023Q1,2023,1,2023-03-31,N,actual,basic,54209447000.0,19224440000.0,16183002000.0,1.31,12504749000.0,0.0,355205636000.0,0.0,52.9,14,2303|14
2303,FY2022Q4,2022,4,2022-12-31,N,actual,basic,67835715000.0,29123939000.0,19067756000.0,1.55,12504749000.0,0.0,335107260000.0,0.0,40.7,15,2303|15
2303,FY2022Q3,2022,3,2022-09-30,N,actual,basic,75391589000.0,35663931000.0,26996184000.0,2.19,12482123500.0,0.0,314810397000.0,0.0,35.75,16,2303|16
2303,FY2022Q2,2022,2,2022-06-30,N,actual,basic,72055140000.0,33472177000.0,21326816000.0,1.74,12482123500.0,0.0,282882332000.0,3.0,39.15,17,2303|17
2303,FY2022Q1,2022,1,2022-03-31,N,actual,basic,63422820000.0,27504330000.0,19807535000.0,1.61,12482123500.0,0.0,301990838000.0,0.0,54.0,18,2303|18
2303,FY2021Q4,2021,4,2021-12-31,N,actual,basic,59099588000.0,23103344000.0,15949030000.0,1.31,12483247600.0,0.0,280979703000.0,0.0,65.0,19,2303|19
2303,FY2021Q3,2021,3,2021-09-30,N,actual,basic,55906677000.0,20544011000.0,17460235000.0,1.43,12423269500.0,16078737.0,257448802000.0,1.5998882,64.0,20,2303|20
2303,FY2021Q2,2021,2,2021-06-30,N,actual,basic,50907741000.0,15907972000.0,11943075000.0,0.98,12423269500.0,16078737.0,240085927000.0,0.0,53.1,21,2303|21
2303,FY2021Q1,2021,1,2021-03-31,N,actual,basic,47097012000.0,12494302000.0,10427915000.0,0.85,12422401500.0,16078737.0,249577370000.0,0.0,50.2,22,2303|22
2303,FY2020Q4,2020,4,2020-12-31,N,actual,basic,45296353000.0,10848092000.0,11195504000.0,0.92,12422401500.0,16078737.0,235659746000.0,0.0,47.15,23,2303|23
2303,FY2020Q3,2020,3,2020-09-30,N,actual,basic,44870454000.0,9769269000.0,9106271000.0,0.75,12422401500.0,16078737.0,220761456000.0,,28.55,24,2303|24
2330,FY2026Q3E,2026,3,2026-09-30,Y,consensus,basic,,,,28.19147,,,,,,0,2330|0
2330,FY2026Q2,2026,2,2026-06-30,N,actual,basic,1270380250000.0,860310695000.0,706561938000.0,27.25,25932370100.0,0.0,6432518334000.0,6.00003573,2410.0,1,2330|1
2330,FY2026Q1,2026,1,2026-03-31,N,actual,basic,1134103440000.0,751295421000.0,572479752000.0,22.08,25932524500.0,0.0,5890960252000.0,6.00003573,1760.0,2,2330|2
2330,FY2025Q4,2025,4,2025-12-31,N,actual,basic,1046090421000.0,651986836000.0,505743990000.0,19.51,25932524500.0,0.0,5419595994000.0,5.00001118,1550.0,3,2330|3
2330,FY2025Q3,2025,3,2025-09-30,N,actual,basic,989918318000.0,588542829000.0,452301407000.0,17.44,25932524500.0,0.0,4998306972000.0,5.00001754,1305.0,4,2330|4
2330,FY2025Q2,2025,2,2025-06-30,N,actual,basic,933791869000.0,547369238000.0,398273102000.0,15.36,25932615500.0,0.0,4581073975000.0,4.50002042,1060.0,5,2330|5
2330,FY2025Q1,2025,1,2025-03-31,N,actual,basic,839253664000.0,493395076000.0,361564128000.0,13.95,25932733200.0,0.0,4564162580000.0,4.50002042,910.0,6,2330|6
2330,FY2024Q4,2024,4,2024-12-31,N,actual,basic,868461178000.0,512378151000.0,374679727000.0,14.45,25932733200.0,0.0,4288545167000.0,3.99963706,1075.0,7,2330|7
2330,FY2024Q3,2024,3,2024-09-30,N,actual,basic,759692143000.0,439345666000.0,325257571000.0,12.55,25932733200.0,0.0,3990019153000.0,4.0001382,957.0,8,2330|8
2330,FY2024Q2,2024,2,2024-06-30,N,actual,basic,673510177000.0,358124478000.0,247845528000.0,9.56,25933629200.0,3249000.0,3791402874000.0,3.49978969,966.0,9,2330|9
2330,FY2024Q1,2024,1,2024-03-31,N,actual,basic,592644201000.0,314505269000.0,225484877000.0,8.7,25935031000.0,0.0,3635731930000.0,3.49978969,779.0,10,2330|10
2330,FY2023Q4,2023,4,2023-12-31,N,actual,basic,625528856000.0,331767925000.0,238712143000.0,9.21,25932071000.0,0.0,3458913627000.0,3.0,593.0,11,2330|11
2330,FY2023Q3,2023,3,2023-09-30,N,actual,basic,546732758000.0,296642464000.0,210999939000.0,8.14,25932071000.0,0.0,3348349657000.0,3.0,523.0,12,2330|12
2330,FY2023Q2,2023,2,2023-06-30,N,actual,basic,480841254000.0,260199847000.0,181799021000.0,7.01,25932071000.0,0.0,3188750455000.0,2.74982072,576.0,13,2330|13
2330,FY2023Q1,2023,1,2023-03-31,N,actual,basic,508632973000.0,286500392000.0,206986561000.0,7.98,25932490500.0,0.0,3078233958000.0,2.74982072,533.0,14,2330|14
2330,FY2022Q4,2022,4,2022-12-31,N,actual,basic,625531868000.0,389184929000.0,295904177000.0,11.41,25930380500.0,0.0,2945653195000.0,2.75,448.5,15,2330|15
2330,FY2022Q3,2022,3,2022-09-30,N,actual,basic,613142743000.0,370498717000.0,280865780000.0,10.83,25930380500.0,0.0,2737974306000.0,2.75,422.0,16,2330|16
2330,FY2022Q2,2022,2,2022-06-30,N,actual,basic,534140808000.0,315467994000.0,237027317000.0,9.14,25930380500.0,0.0,2496353192000.0,2.75,476.0,17,2330|17
2330,FY2022Q1,2022,1,2022-03-31,N,actual,basic,491075873000.0,273203166000.0,202732975000.0,7.82,25931767500.0,1387000.0,2314430096000.0,2.75,597.0,18,2330|18
2330,FY2021Q4,2021,4,2021-12-31,N,actual,basic,438189306000.0,230679228000.0,166232291000.0,6.42,25930380500.0,0.0,2168286553000.0,2.75,615.0,19,2330|19
2330,FY2021Q3,2021,3,2021-09-30,N,actual,basic,414670379000.0,212848684000.0,156258287000.0,6.03,25930380500.0,0.0,2076020062000.0,2.75,580.0,20,2330|20
2330,FY2021Q2,2021,2,2021-06-30,N,actual,basic,372145122000.0,186234135000.0,134358942000.0,5.18,25930380500.0,0.0,1991785801000.0,2.5,595.0,21,2330|21
2330,FY2021Q1,2021,1,2021-03-31,N,actual,basic,362410230000.0,189775219000.0,139690493000.0,5.39,25930380500.0,0.0,1938936396000.0,2.5,587.0,22,2330|22
2330,FY2020Q4,2020,4,2020-12-31,N,actual,basic,361533057000.0,195188826000.0,142766434000.0,5.5,25930380500.0,0.0,1849657256000.0,2.5,530.0,23,2330|23
2330,FY2020Q3,2020,3,2020-09-30,N,actual,basic,356426204000.0,190480670000.0,137310040000.0,5.3,25930380500.0,0.0,1787361029000.0,,433.0,24,2330|24
2376,FY2026Q3E,2026,3,2026-09-30,Y,consensus,basic,,,,8.21666,,,,,,0,2376|0
2376,FY2026Q2,2026,2,2026-06-30,N,actual,basic,144214433000.0,13873129000.0,6606413000.0,9.86,669888900.0,0.0,66520674000.0,0.0,344.0,1,2376|1
2376,FY2026Q1,2026,1,2026-03-31,N,actual,basic,105057330000.0,12614630000.0,5268403000.0,7.86,669888900.0,0.0,64567230000.0,0.0,222.5,2,2376|2
2376,FY2025Q4,2025,4,2025-12-31,N,actual,basic,89349640000.0,9188814000.0,2968601000.0,4.43,669888900.0,0.0,59100160000.0,0.0,249.5,3,2376|3
2376,FY2025Q3,2025,3,2025-09-30,N,actual,basic,79581474000.0,7883025000.0,3055597000.0,4.56,669888900.0,0.0,55473452000.0,10.0,299.0,4,2376|4
2376,FY2025Q2,2025,2,2025-06-30,N,actual,basic,102258116000.0,9632946000.0,3049557000.0,4.55,669888900.0,0.0,51995535000.0,0.0,283.0,5,2376|5
2376,FY2025Q1,2025,1,2025-03-31,N,actual,basic,65747430000.0,8480311000.0,3116119000.0,4.65,669888900.0,0.0,56959796000.0,0.0,242.0,6,2376|6
2376,FY2024Q4,2024,4,2024-12-31,N,actual,basic,65615165000.0,6638606000.0,2875586000.0,4.31,669888900.0,0.0,53683149000.0,0.0,272.5,7,2376|7
2376,FY2024Q3,2024,3,2024-09-30,N,actual,basic,70445855000.0,7240434000.0,1927469000.0,2.91,669888900.0,0.0,50811773000.0,6.35794327,258.5,8,2376|8
2376,FY2024Q2,2024,2,2024-06-30,N,actual,basic,73923373000.0,7980081000.0,2961709000.0,4.66,635688900.0,0.0,38669224000.0,0.0,305.5,9,2376|9
2376,FY2024Q1,2024,1,2024-03-31,N,actual,basic,55164386000.0,6233366000.0,2023776000.0,3.18,635688900.0,0.0,39680092000.0,0.0,316.0,10,2376|10
2376,FY2023Q4,2023,4,2023-12-31,N,actual,basic,45596208000.0,5027834000.0,1349949000.0,2.12,635688900.0,0.0,37472810000.0,0.0,266.0,11,2376|11
2376,FY2023Q3,2023,3,2023-09-30,N,actual,basic,37013385000.0,4912395000.0,1478792000.0,2.33,635688900.0,0.0,36095549000.0,6.2,281.5,12,2376|12
2376,FY2023Q2,2023,2,2023-06-30,N,actual,basic,26133800000.0,3089603000.0,889526000.0,1.4,635688900.0,0.0,33896131000.0,0.0,243.5,13,2376|13
2376,FY2023Q1,2023,1,2023-03-31,N,actual,basic,28030016000.0,3545609000.0,1024712000.0,1.61,635688900.0,0.0,37140104000.0,0.0,133.5,14,2376|14
2376,FY2022Q4,2022,4,2022-12-31,N,actual,basic,27799638000.0,2597068000.0,1320675000.0,2.07,635688900.0,0.0,35933474000.0,0.0,106.5,15,2376|15
2376,FY2022Q3,2022,3,2022-09-30,N,actual,basic,24192106000.0,3000830000.0,1169192000.0,1.84,635688900.0,705000.0,34620655000.0,12.0,88.3,16,2376|16
2376,FY2022Q2,2022,2,2022-06-30,N,actual,basic,22661655000.0,3142711000.0,981736000.0,1.55,635688900.0,705000.0,33376050000.0,0.0,88.7,17,2376|17
2376,FY2022Q1,2022,1,2022-03-31,N,actual,basic,32610245000.0,7875469000.0,3066918000.0,4.83,635688900.0,705000.0,40589071000.0,0.0,130.0,18,2376|18
2376,FY2021Q4,2021,4,2021-12-31,N,actual,basic,30456560000.0,6996093000.0,3700358000.0,5.83,635688900.0,705000.0,37487984000.0,0.0,155.5,19,2376|19
2376,FY2021Q3,2021,3,2021-09-30,N,actual,basic,31294579000.0,7262884000.0,3590838000.0,5.66,635688900.0,3000000.0,33154257000.0,5.0,86.8,20,2376|20
2376,FY2021Q2,2021,2,2021-06-30,N,actual,basic,31787258000.0,8496576000.0,3287454000.0,5.17,635688900.0,0.0,30601393000.0,0.0,107.5,21,2376|21
2376,FY2021Q1,2021,1,2021-03-31,N,actual,basic,28366960000.0,6834479000.0,2759310000.0,4.34,635688900.0,0.0,30758585000.0,0.0,99.8,22,2376|22
2376,FY2020Q4,2020,4,2020-12-31,N,actual,basic,23457829000.0,4172639000.0,1101549000.0,1.73,635688900.0,0.0,27395191000.0,0.0,77.8,23,2376|23
2376,FY2020Q3,2020,3,2020-09-30,N,actual,basic,23003636000.0,3981726000.0,1424622000.0,2.24,635688900.0,0.0,25570471000.0,,75.5,24,2376|24
2408,FY2026Q3E,2026,3,2026-09-30,Y,consensus,basic,,,,20.84785,,,,,,0,2408|0
2408,FY2026Q2,2026,2,2026-06-30,N,actual,basic,82549073000.0,65617460000.0,50192038000.0,14.66,3450205900.0,0.0,322560603000.0,0.0,452.5,1,2408|1
2408,FY2026Q1,2026,1,2026-03-31,N,actual,basic,49086932000.0,33325482000.0,26059487000.0,8.41,3098627900.0,0.0,192900167000.0,0.0,198.5,2,2408|2
2408,FY2025Q4,2025,4,2025-12-31,N,actual,basic,30093618000.0,14760844000.0,11093190000.0,3.58,3098627900.0,0.0,170399852000.0,0.0,193.0,3,2408|3
2408,FY2025Q3,2025,3,2025-09-30,N,actual,basic,18778868000.0,3463871000.0,1563334000.0,0.5,3098627900.0,0.0,157342861000.0,0.0,73.0,4,2408|4
2408,FY2025Q2,2025,2,2025-06-30,N,actual,basic,10526094000.0,-2163843000.0,-4102113000.0,-1.32,3098627900.0,0.0,154665851000.0,0.0,51.2,5,2408|5
2408,FY2025Q1,2025,1,2025-03-31,N,actual,basic,7187940000.0,-1074672000.0,-1940639000.0,-0.63,3098627900.0,0.0,163871441000.0,0.0,37.4,6,2408|6
2408,FY2024Q4,2024,4,2024-12-31,N,actual,basic,6575094000.0,-694550000.0,-1573687000.0,-0.51,3098627900.0,0.0,165053275000.0,0.0,29.25,7,2408|7
2408,FY2024Q3,2024,3,2024-09-30,N,actual,basic,8132593000.0,263625000.0,-1486690000.0,-0.48,3098627900.0,0.0,164753756000.0,0.0,47.35,8,2408|8
2408,FY2024Q2,2024,2,2024-06-30,N,actual,basic,9921043000.0,286964000.0,-814485000.0,-0.26,,,,0.0,69.7,9,2408|9
2408,FY2024Q1,2024,1,2024-03-31,N,actual,basic,9502937000.0,-276624000.0,-1208488000.0,-0.39,3098250900.0,0.0,167821174000.0,0.0,67.7,10,2408|10
2408,FY2023Q4,2023,4,2023-12-31,N,actual,basic,8703978000.0,-1187708000.0,-2479502000.0,-0.8,3098120900.0,0.0,166924155000.0,0.0,78.0,11,2408|11
2408,FY2023Q3,2023,3,2023-09-30,N,actual,basic,7736374000.0,-1952670000.0,-2504571000.0,-0.81,3098068900.0,0.0,172009061000.0,0.0,65.6,12,2408|12
2408,FY2023Q2,2023,2,2023-06-30,N,actual,basic,7027071000.0,-788302000.0,-770874000.0,-0.25,3098042900.0,0.0,172633829000.0,2.13036346,70.8,13,2408|13
2408,FY2023Q1,2023,1,2023-03-31,N,actual,basic,6424883000.0,-554160000.0,-1684687000.0,-0.54,3098042900.0,0.0,172301376000.0,0.0,66.5,14,2408|14
2408,FY2022Q4,2022,4,2022-12-31,N,actual,basic,7953553000.0,1036908000.0,-1146420000.0,-0.37,3098007900.0,0.0,180958050000.0,0.0,51.2,15,2408|15
2408,FY2022Q3,2022,3,2022-09-30,N,actual,basic,11021725000.0,3596560000.0,2640591000.0,0.85,3097677900.0,0.0,183672406000.0,0.0,48.95,16,2408|16
2408,FY2022Q2,2022,2,2022-06-30,N,actual,basic,18030672000.0,7958199000.0,6574723000.0,2.12,3097121900.0,0.0,177797022000.0,3.70281307,49.4,17,2408|17
2408,FY2022Q1,2022,1,2022-03-31,N,actual,basic,19946325000.0,8750427000.0,6550137000.0,2.11,3097070900.0,0.0,181014516000.0,0.0,69.2,18,2408|18
2408,FY2021Q4,2021,4,2021-12-31,N,actual,basic,21398949000.0,10563413000.0,6454120000.0,2.09,3096874900.0,0.0,172978068000.0,0.0,78.1,19,2408|19
2408,FY2021Q3,2021,3,2021-09-30,N,actual,basic,23837128000.0,11735197000.0,7527195000.0,2.44,3097083900.0,6590000.0,166512713000.0,1.29660236,65.9,20,2408|20
2408,FY2021Q2,2021,2,2021-06-30,N,actual,basic,22637468000.0,9583326000.0,6163367000.0,2.0,3097011900.0,12098000.0,158647283000.0,0.0,79.7,21,2408|21
2408,FY2021Q1,2021,1,2021-03-31,N,actual,basic,17730613000.0,5162012000.0,2704333000.0,0.88,3096434900.0,12098000.0,157319610000.0,0.0,91.9,22,2408|22
2408,FY2020Q4,2020,4,2020-12-31,N,actual,basic,14773420000.0,3251465000.0,924149000.0,0.3,3093593900.0,20000000.0,153812027000.0,0.0,86.8,23,2408|23
2408,FY2020Q3,2020,3,2020-09-30,N,actual,basic,15323867000.0,3961743000.0,1613376000.0,0.53,3092611900.0,20000000.0,153398569000.0,,57.5,24,2408|24
2455,FY2026Q3E,2026,3,2026-09-30,Y,consensus,basic,,,,1.43429,,,,,,0,2455|0
2455,FY2026Q2,2026,2,2026-06-30,N,actual,basic,965373000.0,372706000.0,213588000.0,1.15,184905900.0,0.0,3693109000.0,2.62055653,347.0,1,2455|1
2455,FY2026Q1,2026,1,2026-03-31,N,actual,basic,959310000.0,365431000.0,195085000.0,1.06,184905900.0,0.0,3667225000.0,0.0,246.5,2,2455|2
2455,FY2025Q4,2025,4,2025-12-31,N,actual,basic,959589000.0,357593000.0,193882000.0,1.05,184905900.0,0.0,3294696000.0,0.0,151.5,3,2455|3
2455,FY2025Q3,2025,3,2025-09-30,N,actual,basic,912804000.0,299917000.0,160464000.0,0.86,184905900.0,0.0,3104723000.0,0.0,161.0,4,2455|4
2455,FY2025Q2,2025,2,2025-06-30,N,actual,basic,714087000.0,245545000.0,36309000.0,0.2,184905900.0,1012000.0,2832433000.0,3.21761015,125.0,5,2455|5
2455,FY2025Q1,2025,1,2025-03-31,N,actual,basic,793663000.0,316671000.0,157287000.0,0.85,184905900.0,0.0,3486629000.0,0.0,113.5,6,2455|6
2455,FY2024Q4,2024,4,2024-12-31,N,actual,basic,722474000.0,260149000.0,132861000.0,0.72,184905900.0,0.0,3329342000.0,0.0,166.5,7,2455|7
2455,FY2024Q3,2024,3,2024-09-30,N,actual,basic,805747000.0,330538000.0,144407000.0,0.78,184905900.0,0.0,3200742000.0,0.0,166.0,8,2455|8
2455,FY2024Q2,2024,2,2024-06-30,N,actual,basic,875601000.0,346960000.0,200826000.0,1.09,184905900.0,0.0,3056335000.0,2.2,165.0,9,2455|9
2455,FY2024Q1,2024,1,2024-03-31,N,actual,basic,837395000.0,341317000.0,192961000.0,1.04,184905900.0,0.0,3262302000.0,0.0,169.5,10,2455|10
2455,FY2023Q4,2023,4,2023-12-31,N,actual,basic,936937000.0,411959000.0,188378000.0,1.01,184905900.0,0.0,3069341000.0,0.0,160.5,11,2455|11
2455,FY2023Q3,2023,3,2023-09-30,N,actual,basic,768427000.0,307139000.0,143945000.0,0.78,184905900.0,0.0,2919160000.0,0.0,148.0,12,2455|12
2455,FY2023Q2,2023,2,2023-06-30,N,actual,basic,594323000.0,235781000.0,106159000.0,0.57,184905900.0,0.0,2775215000.0,2.3,116.5,13,2455|13
2455,FY2023Q1,2023,1,2023-03-31,N,actual,basic,394417000.0,154035000.0,11750000.0,0.06,184905900.0,0.0,3094340000.0,0.0,92.3,14,2455|14
2455,FY2022Q4,2022,4,2022-12-31,N,actual,basic,506067000.0,201013000.0,37033000.0,0.2,184905900.0,0.0,3082590000.0,0.0,69.0,15,2455|15
2455,FY2022Q3,2022,3,2022-09-30,N,actual,basic,522089000.0,221557000.0,105773000.0,0.57,184905900.0,0.0,3045985000.0,0.0,56.6,16,2455|16
2455,FY2022Q2,2022,2,2022-06-30,N,actual,basic,736276000.0,303299000.0,184441000.0,1.0,184905900.0,0.0,2940212000.0,4.0,72.0,17,2455|17
2455,FY2022Q1,2022,1,2022-03-31,N,actual,basic,839197000.0,363138000.0,217481000.0,1.18,184905900.0,0.0,3495395000.0,0.0,113.5,18,2455|18
2455,FY2021Q4,2021,4,2021-12-31,N,actual,basic,875843000.0,347262000.0,191791000.0,1.03,184905900.0,0.0,3277914000.0,0.0,144.0,19,2455|19
2455,FY2021Q3,2021,3,2021-09-30,N,actual,basic,947399000.0,402279000.0,211771000.0,1.15,184905900.0,0.0,3086103000.0,2.59,118.0,20,2455|20
2455,FY2021Q2,2021,2,2021-06-30,N,actual,basic,896062000.0,390922000.0,226778000.0,1.23,184905900.0,0.0,3353238000.0,0.0,134.0,21,2455|21
2455,FY2021Q1,2021,1,2021-03-31,N,actual,basic,889217000.0,379250000.0,224741000.0,1.22,184905900.0,0.0,3126460000.0,0.0,118.5,22,2455|22
2455,FY2020Q4,2020,4,2020-12-31,N,actual,basic,757232000.0,315349000.0,145795000.0,0.79,184905900.0,0.0,2901719000.0,0.0,112.0,23,2455|23
2455,FY2020Q3,2020,3,2020-09-30,N,actual,basic,644391000.0,270365000.0,112847000.0,0.61,184905900.0,0.0,2755453000.0,,78.5,24,2455|24
3034,FY2026Q3E,2026,3,2026-09-30,Y,consensus,basic,,,,9.57273,,,,,,0,3034|0
3034,FY2026Q2,2026,2,2026-06-30,N,actual,basic,28660098000.0,12156801000.0,6327860000.0,10.4,608511500.0,0.0,68961060000.0,0.0,535.0,1,3034|1
3034,FY2026Q1,2026,1,2026-03-31,N,actual,basic,23145303000.0,9039901000.0,3767112000.0,6.19,608511500.0,0.0,71927815000.0,0.0,379.5,2,3034|2
3034,FY2025Q4,2025,4,2025-12-31,N,actual,basic,22817209000.0,8712827000.0,3689810000.0,6.07,608511500.0,0.0,67739247000.0,0.0,374.0,3,3034|3
3034,FY2025Q3,2025,3,2025-09-30,N,actual,basic,24573670000.0,8918821000.0,3654824000.0,6.01,608511500.0,0.0,63580896000.0,28.0,426.5,4,3034|4
3034,FY2025Q2,2025,2,2025-06-30,N,actual,basic,26152063000.0,9493648000.0,3739254000.0,6.14,608511500.0,0.0,59641644000.0,0.0,545.0,5,3034|5
3034,FY2025Q1,2025,1,2025-03-31,N,actual,basic,27120202000.0,10782716000.0,5263805000.0,8.65,608511500.0,0.0,73131074000.0,0.0,545.0,6,3034|6
3034,FY2024Q4,2024,4,2024-12-31,N,actual,basic,25262519000.0,9980564000.0,4801366000.0,7.89,608511500.0,0.0,67923372000.0,0.0,502.0,7,3034|7
3034,FY2024Q3,2024,3,2024-09-30,N,actual,basic,27866328000.0,11073966000.0,5258457000.0,8.64,608511500.0,0.0,63457777000.0,32.0,518.0,8,3034|8
3034,FY2024Q2,2024,2,2024-06-30,N,actual,basic,25231019000.0,10380151000.0,5388565000.0,8.86,608511500.0,0.0,58153523000.0,0.0,606.0,9,3034|9
3034,FY2024Q1,2024,1,2024-03-31,N,actual,basic,24427885000.0,10037675000.0,4893633000.0,8.04,608511500.0,0.0,72098281000.0,0.0,604.0,10,3034|10
3034,FY2023Q4,2023,4,2023-12-31,N,actual,basic,27153825000.0,11263599000.0,5327953000.0,8.76,608511500.0,0.0,67216762000.0,0.0,517.0,11,3034|11
3034,FY2023Q3,2023,3,2023-09-30,N,actual,basic,28929962000.0,12222668000.0,6365821000.0,10.46,608511500.0,0.0,61657439000.0,37.0,423.0,12,3034|12
3034,FY2023Q2,2023,2,2023-06-30,N,actual,basic,30299029000.0,12646823000.0,6871899000.0,11.29,608511500.0,0.0,55216656000.0,0.0,426.5,13,3034|13
3034,FY2023Q1,2023,1,2023-03-31,N,actual,basic,24045882000.0,10078803000.0,4751836000.0,7.81,608511500.0,0.0,70945808000.0,0.0,431.5,14,3034|14
3034,FY2022Q4,2022,4,2022-12-31,N,actual,basic,22420161000.0,9090355000.0,4042779000.0,6.64,608511500.0,0.0,65570205000.0,0.0,315.5,15,3034|15
3034,FY2022Q3,2022,3,2022-09-30,N,actual,basic,19563686000.0,8344293000.0,4305080000.0,7.07,608511500.0,0.0,61301496000.0,51.5,219.0,16,3034|16
3034,FY2022Q2,2022,2,2022-06-30,N,actual,basic,31461142000.0,14982460000.0,8486735000.0,13.95,608511500.0,0.0,57213395000.0,0.0,302.0,17,3034|17
3034,FY2022Q1,2022,1,2022-03-31,N,actual,basic,36511685000.0,18524079000.0,11134928000.0,18.3,608511500.0,0.0,80907797000.0,0.0,426.5,18,3034|18
3034,FY2021Q4,2021,4,2021-12-31,N,actual,basic,36542106000.0,18800964000.0,10933240000.0,17.97,608511500.0,0.0,70451323000.0,0.0,539.0,19,3034|19
3034,FY2021Q3,2021,3,2021-09-30,N,actual,basic,38345587000.0,19917256000.0,12271038000.0,20.17,608511500.0,0.0,59279226000.0,15.6,410.0,20,3034|20
3034,FY2021Q2,2021,2,2021-06-30,N,actual,basic,34111302000.0,17166736000.0,9786068000.0,16.08,608511500.0,0.0,46461763000.0,0.0,499.0,21,3034|21
3034,FY2021Q1,2021,1,2021-03-31,N,actual,basic,26366515000.0,11506568000.0,5875214000.0,9.66,608511500.0,0.0,46019727000.0,0.0,575.0,22,3034|22
3034,FY2020Q4,2020,4,2020-12-31,N,actual,basic,22452842000.0,8538771000.0,3644209000.0,5.99,608511500.0,0.0,39943203000.0,0.0,369.0,23,3034|23
3034,FY2020Q3,2020,3,2020-09-30,N,actual,basic,22001236000.0,7580021000.0,3405156000.0,5.6,608511500.0,0.0,35469351000.0,,265.5,24,3034|24
3081,FY2026Q3E,2026,3,2026-09-30,Y,consensus,basic,,,,5.79,,,,,,0,3081|0
3081,FY2026Q2,2026,2,2026-06-30,N,actual,basic,1221178000.0,701611000.0,468487000.0,4.62,92517300.0,0.0,4718906000.0,0.0,2020.0,1,3081|1
3081,FY2026Q1,2026,1,2026-03-31,N,actual,basic,904389000.0,495233000.0,317515000.0,3.44,92517300.0,0.0,4239556000.0,0.0,1575.0,2,3081|2
3081,FY2025Q4,2025,4,2025-12-31,N,actual,basic,642422000.0,312659000.0,190333000.0,2.07,92521400.0,0.0,4190739000.0,0.0,613.0,3,3081|3
3081,FY2025Q3,2025,3,2025-09-30,N,actual,basic,552804000.0,241218000.0,99013000.0,1.08,92521400.0,0.0,3991913000.0,0.50002215,455.0,4,3081|4
3081,FY2025Q2,2025,2,2025-06-30,N,actual,basic,553094000.0,239659000.0,96786000.0,1.05,92521400.0,0.0,3881853000.0,0.0,327.5,5,3081|5
3081,FY2025Q1,2025,1,2025-03-31,N,actual,basic,454502000.0,147013000.0,42269000.0,0.46,92531200.0,0.0,3777183000.0,0.0,283.0,6,3081|6
3081,FY2024Q4,2024,4,2024-12-31,N,actual,basic,288811000.0,90098000.0,8158000.0,0.09,92531200.0,0.0,3771581000.0,0.0,387.0,7,3081|7
3081,FY2024Q3,2024,3,2024-09-30,N,actual,basic,323044000.0,89125000.0,7992000.0,0.09,92531200.0,0.0,3757233000.0,0.4999733,295.5,8,3081|8
3081,FY2024Q2,2024,2,2024-06-30,N,actual,basic,272588000.0,39755000.0,-30673000.0,-0.33,91847700.0,0.0,3734955000.0,0.0,168.0,9,3081|9
3081,FY2024Q1,2024,1,2024-03-31,N,actual,basic,323979000.0,19909000.0,-40007000.0,-0.44,91847700.0,0.0,3762668000.0,0.0,135.5,10,3081|10
3081,FY2023Q4,2023,4,2023-12-31,N,actual,basic,296748000.0,78670000.0,-30868000.0,-0.33,91861700.0,0.0,3861738000.0,0.0,106.0,11,3081|11
3081,FY2023Q3,2023,3,2023-09-30,N,actual,basic,179049000.0,-35036000.0,-109601000.0,-1.2,91861700.0,0.0,3888611000.0,3.50022859,117.0,12,3081|12
3081,FY2023Q2,2023,2,2023-06-30,N,actual,basic,252818000.0,37568000.0,-40863000.0,-0.45,91861700.0,0.0,3976044000.0,0.0,102.0,13,3081|13
3081,FY2023Q1,2023,1,2023-03-31,N,actual,basic,327423000.0,56900000.0,-30173000.0,-0.33,91867700.0,0.0,4011293000.0,0.0,132.5,14,3081|14
3081,FY2022Q4,2022,4,2022-12-31,N,actual,basic,668518000.0,248056000.0,117326000.0,1.28,91867700.0,0.0,4356539000.0,0.0,106.0,15,3081|15
3081,FY2022Q3,2022,3,2022-09-30,N,actual,basic,661065000.0,202624000.0,102967000.0,1.13,91867700.0,0.0,4232707000.0,3.50001914,142.5,16,3081|16
3081,FY2022Q2,2022,2,2022-06-30,N,actual,basic,600751000.0,195652000.0,89529000.0,0.98,91369200.0,0.0,4083820000.0,0.0,116.0,17,3081|17
3081,FY2022Q1,2022,1,2022-03-31,N,actual,basic,450551000.0,112693000.0,19714000.0,0.22,91369200.0,0.0,4303043000.0,0.0,183.5,18,3081|18
3081,FY2021Q4,2021,4,2021-12-31,N,actual,basic,346639000.0,81547000.0,6880000.0,0.07,91369200.0,0.0,4272289000.0,0.0,196.5,19,3081|19
3081,FY2021Q3,2021,3,2021-09-30,N,actual,basic,382074000.0,125186000.0,31826000.0,0.35,91369200.0,0.0,4256041000.0,5.0,225.0,20,3081|20
3081,FY2021Q2,2021,2,2021-06-30,N,actual,basic,539995000.0,237164000.0,105059000.0,1.16,91369200.0,0.0,4213175000.0,0.0,265.0,21,3081|21
3081,FY2021Q1,2021,1,2021-03-31,N,actual,basic,603995000.0,324560000.0,193779000.0,2.13,91369200.0,0.0,4553921000.0,0.0,270.0,22,3081|22
3081,FY2020Q4,2020,4,2020-12-31,N,actual,basic,686242000.0,374421000.0,227723000.0,2.5,91373200.0,0.0,4349102000.0,0.0,282.5,23,3081|23
3081,FY2020Q3,2020,3,2020-09-30,N,actual,basic,602681000.0,314359000.0,176357000.0,1.94,91373200.0,0.0,4112239000.0,,249.0,24,3081|24
3163,FY2026Q2,2026,2,2026-06-30,N,actual,basic,591851000.0,89928000.0,87786000.0,0.93,80540700.0,0.0,3286121000.0,0.0,792.0,1,3163|1
3163,FY2026Q1,2026,1,2026-03-31,N,actual,basic,656095000.0,123710000.0,243751000.0,3.03,80540700.0,0.0,3192940000.0,0.0,788.0,2,3163|2
3163,FY2025Q4,2025,4,2025-12-31,N,actual,basic,622905000.0,113767000.0,234036000.0,2.9,80540700.0,0.0,3073169000.0,0.0,398.5,3,3163|3
3163,FY2025Q3,2025,3,2025-09-30,N,actual,basic,540351000.0,102528000.0,223913000.0,2.78,80540700.0,0.0,2814763000.0,0.0,225.0,4,3163|4
3163,FY2025Q2,2025,2,2025-06-30,N,actual,basic,538484000.0,92579000.0,-6005000.0,-0.07,80540700.0,0.0,2568744000.0,3.0,183.0,5,3163|5
3163,FY2025Q1,2025,1,2025-03-31,N,actual,basic,523911000.0,93243000.0,49205000.0,0.61,80540700.0,0.0,2648894000.0,0.0,172.5,6,3163|6
3163,FY2024Q4,2024,4,2024-12-31,N,actual,basic,476600000.0,66994000.0,146483000.0,1.82,80540700.0,0.0,2837169000.0,0.0,141.5,7,3163|7
3163,FY2024Q3,2024,3,2024-09-30,N,actual,basic,456423000.0,40882000.0,21751000.0,0.27,80540700.0,0.0,2674148000.0,0.0,157.5,8,3163|8
3163,FY2024Q2,2024,2,2024-06-30,N,actual,basic,459447000.0,72122000.0,159672000.0,1.98,80540700.0,0.0,2656906000.0,3.6,137.0,9,3163|9
3163,FY2024Q1,2024,1,2024-03-31,N,actual,basic,548800000.0,98773000.0,135162000.0,1.68,80540700.0,0.0,2494032000.0,0.0,102.0,10,3163|10
3163,FY2023Q4,2023,4,2023-12-31,N,actual,basic,804779000.0,166741000.0,45370000.0,0.52,80540700.0,0.0,2617896000.0,0.0,88.4,11,3163|11
3163,FY2023Q3,2023,3,2023-09-30,N,actual,basic,732937000.0,122216000.0,180803000.0,2.3,80516200.0,0.0,2600370000.0,0.0,97.1,12,3163|12
3163,FY2023Q2,2023,2,2023-06-30,N,actual,basic,653314000.0,133089000.0,149150000.0,1.98,75286900.0,0.0,2093375000.0,4.2,60.2,13,3163|13
3163,FY2023Q1,2023,1,2023-03-31,N,actual,basic,588028000.0,134372000.0,60459000.0,0.8,75286900.0,0.0,1959529000.0,0.0,56.5,14,3163|14
3163,FY2022Q4,2022,4,2022-12-31,N,actual,basic,775222000.0,228962000.0,74742000.0,0.99,75286900.0,0.0,2210315000.0,0.0,49.5,15,3163|15
3163,FY2022Q3,2022,3,2022-09-30,N,actual,basic,763628000.0,204466000.0,180378000.0,2.4,75286900.0,0.0,2137270000.0,0.0,49.85,16,3163|16
3163,FY2022Q2,2022,2,2022-06-30,N,actual,basic,962470000.0,240008000.0,150426000.0,2.0,75286900.0,0.0,1946838000.0,1.0,44.0,17,3163|17
3163,FY2022Q1,2022,1,2022-03-31,N,actual,basic,709252000.0,121525000.0,46037000.0,0.61,75286900.0,0.0,1815805000.0,0.0,47.85,18,3163|18
3163,FY2021Q4,2021,4,2021-12-31,N,actual,basic,662294000.0,127550000.0,57830000.0,0.77,75286900.0,0.0,1814243000.0,0.0,42.05,19,3163|19
3163,FY2021Q3,2021,3,2021-09-30,N,actual,basic,544195000.0,75448000.0,16021000.0,0.21,75286900.0,0.0,1747814000.0,2.5,37.95,20,3163|20
3163,FY2021Q2,2021,2,2021-06-30,N,actual,basic,574046000.0,100838000.0,17140000.0,0.23,75286900.0,0.0,1740385000.0,0.0,44.7,21,3163|21
3163,FY2021Q1,2021,1,2021-03-31,N,actual,basic,515917000.0,61896000.0,-9347000.0,-0.13,75286900.0,0.0,1728076000.0,0.0,54.9,22,3163|22
3163,FY2020Q4,2020,4,2020-12-31,N,actual,basic,715883000.0,142757000.0,26293000.0,0.34,75286900.0,1282000.0,1875695000.0,0.0,53.0,23,3163|23
3163,FY2020Q3,2020,3,2020-09-30,N,actual,basic,941795000.0,282401000.0,105496000.0,1.43,75286900.0,1282000.0,1793880000.0,,62.8,24,3163|24
3189,FY2026Q3E,2026,3,2026-09-30,Y,consensus,basic,,,,3.18425,,,,,,0,3189|0
3189,FY2026Q2,2026,2,2026-06-30,N,actual,basic,12496254000.0,3260820000.0,1310553000.0,2.57,526910400.0,0.0,44466694000.0,0.0,891.0,1,3189|1
3189,FY2026Q1,2026,1,2026-03-31,N,actual,basic,11104965000.0,2349499000.0,549232000.0,1.17,526915800.0,0.0,43152823000.0,0.0,313.0,2,3189|2
3189,FY2025Q4,2025,4,2025-12-31,N,actual,basic,10811438000.0,2393395000.0,642333000.0,1.41,456792000.0,0.0,32731765000.0,0.0,159.0,3,3189|3
3189,FY2025Q3,2025,3,2025-09-30,N,actual,basic,10356188000.0,1963707000.0,339339000.0,0.75,456812700.0,0.0,32008425000.0,1.00017193,107.5,4,3189|4
3189,FY2025Q2,2025,2,2025-06-30,N,actual,basic,9563726000.0,2015768000.0,338192000.0,0.74,456570900.0,0.0,31547318000.0,0.0,83.7,5,3189|5
3189,FY2025Q1,2025,1,2025-03-31,N,actual,basic,8619744000.0,1941539000.0,276072000.0,0.61,456607200.0,0.0,31519108000.0,0.0,81.0,6,3189|6
3189,FY2024Q4,2024,4,2024-12-31,N,actual,basic,8042993000.0,2246342000.0,-249438000.0,-0.55,456649400.0,0.0,31652295000.0,0.0,101.0,7,3189|7
3189,FY2024Q3,2024,3,2024-09-30,N,actual,basic,8197120000.0,2407521000.0,185268000.0,0.41,456659100.0,0.0,31844519000.0,1.00010784,110.0,8,3189|8
3189,FY2024Q2,2024,2,2024-06-30,N,actual,basic,7300482000.0,2123917000.0,88558000.0,0.2,454374100.0,0.0,31497301000.0,0.0,92.4,9,3189|9
3189,FY2024Q1,2024,1,2024-03-31,N,actual,basic,6994384000.0,1889945000.0,24501000.0,0.05,454423100.0,0.0,31386065000.0,0.0,98.7,10,3189|10
3189,FY2023Q4,2023,4,2023-12-31,N,actual,basic,7489463000.0,2311784000.0,363384000.0,0.81,454423100.0,0.0,31694889000.0,0.0,99.7,11,3189|11
3189,FY2023Q3,2023,3,2023-09-30,N,actual,basic,6045775000.0,1364149000.0,-343033000.0,-0.76,454467100.0,0.0,31453101000.0,6.47563615,108.5,12,3189|12
3189,FY2023Q2,2023,2,2023-06-30,N,actual,basic,6462205000.0,1480509000.0,19151000.0,0.04,454499100.0,24500.0,31515021000.0,0.0,116.5,13,3189|13
3189,FY2023Q1,2023,1,2023-03-31,N,actual,basic,6834744000.0,1601064000.0,8014000.0,0.02,454219100.0,0.0,31541256000.0,0.0,116.0,14,3189|14
3189,FY2022Q4,2022,4,2022-12-31,N,actual,basic,8614195000.0,3598905000.0,1191084000.0,2.64,452776100.0,5000.0,34321700000.0,0.0,104.5,15,3189|15
3189,FY2022Q3,2022,3,2022-09-30,N,actual,basic,11544421000.0,4497867000.0,2160635000.0,4.79,452776100.0,0.0,33123402000.0,4.5,93.0,16,3189|16
3189,FY2022Q2,2022,2,2022-06-30,N,actual,basic,11453611000.0,4249263000.0,2095669000.0,4.65,450844100.0,0.0,30721715000.0,0.0,142.5,17,3189|17
3189,FY2022Q1,2022,1,2022-03-31,N,actual,basic,10014259000.0,3522280000.0,1529404000.0,3.39,450844100.0,0.0,28671921000.0,0.0,194.5,18,3189|18
3189,FY2021Q4,2021,4,2021-12-31,N,actual,basic,9953739000.0,3341276000.0,1363132000.0,3.02,450844100.0,0.0,29069332000.0,0.0,233.0,19,3189|19
3189,FY2021Q3,2021,3,2021-09-30,N,actual,basic,9767683000.0,3221739000.0,1384821000.0,3.07,450844100.0,0.0,27674388000.0,1.00000735,202.0,20,3189|20
3189,FY2021Q2,2021,2,2021-06-30,N,actual,basic,8725355000.0,2364625000.0,852908000.0,1.89,450844100.0,0.0,26298990000.0,0.0,135.0,21,3189|21
3189,FY2021Q1,2021,1,2021-03-31,N,actual,basic,7225986000.0,1598205000.0,258123000.0,0.57,450847300.0,3315.0,25467585000.0,0.0,112.0,22,3189|22
3189,FY2020Q4,2020,4,2020-12-31,N,actual,basic,7548022000.0,1814825000.0,169978000.0,0.38,450862500.0,14265.0,25669652000.0,0.0,80.9,23,3189|23
3189,FY2020Q3,2020,3,2020-09-30,N,actual,basic,6871934000.0,1435581000.0,59154000.0,0.13,450875300.0,11670.0,25481078000.0,,65.9,24,3189|24
3363,FY2026Q3E,2026,3,2026-09-30,Y,consensus,basic,,,,0.19,,,,,,0,3363|0
3363,FY2026Q2,2026,2,2026-06-30,N,actual,basic,429188000.0,979000.0,-24861000.0,-0.22,113640600.0,0.0,5717152000.0,0.0,578.0,1,3363|1
3363,FY2026Q1,2026,1,2026-03-31,N,actual,basic,381969000.0,7197000.0,-107036000.0,-0.98,113640600.0,0.0,5734096000.0,0.0,550.0,2,3363|2
3363,FY2025Q4,2025,4,2025-12-31,N,actual,basic,390774000.0,48559000.0,-22365000.0,-0.21,103640600.0,0.0,2549092000.0,0.0,457.5,3,3363|3
3363,FY2025Q3,2025,3,2025-09-30,N,actual,basic,507741000.0,120893000.0,20579000.0,0.2,103640600.0,0.0,2562064000.0,0.0,354.5,4,3363|4
3363,FY2025Q2,2025,2,2025-06-30,N,actual,basic,582076000.0,114919000.0,16870000.0,0.16,103640600.0,0.0,2522912000.0,0.0,273.5,5,3363|5
3363,FY2025Q1,2025,1,2025-03-31,N,actual,basic,411403000.0,70544000.0,1110000.0,0.01,103640600.0,0.0,2522837000.0,0.0,246.5,6,3363|6
3363,FY2024Q4,2024,4,2024-12-31,N,actual,basic,359876000.0,33397000.0,-30788000.0,-0.31,103640600.0,0.0,2530636000.0,0.0,247.5,7,3363|7
3363,FY2024Q3,2024,3,2024-09-30,N,actual,basic,382698000.0,54205000.0,-14773000.0,-0.14,103640600.0,0.0,2606362000.0,0.0,178.0,8,3363|8
3363,FY2024Q2,2024,2,2024-06-30,N,actual,basic,352765000.0,70385000.0,25562000.0,0.26,103640600.0,0.0,2623963000.0,0.0,157.0,9,3363|9
3363,FY2024Q1,2024,1,2024-03-31,N,actual,basic,268538000.0,21169000.0,-28273000.0,-0.29,98640600.0,0.0,2060341000.0,0.5,96.2,10,3363|10
3363,FY2023Q4,2023,4,2023-12-31,N,actual,basic,337273000.0,46849000.0,-7518000.0,-0.09,98640600.0,0.0,2138249000.0,0.0,69.3,11,3363|11
3363,FY2023Q3,2023,3,2023-09-30,N,actual,basic,328229000.0,63443000.0,292000.0,0.0,88640600.0,0.0,1618138000.0,0.0,73.9,12,3363|12
3363,FY2023Q2,2023,2,2023-06-30,N,actual,basic,284079000.0,20570000.0,-14707000.0,-0.17,88627400.0,0.0,1608276000.0,0.5,41.6,13,3363|13
3363,FY2023Q1,2023,1,2023-03-31,N,actual,basic,322164000.0,46955000.0,33991000.0,0.38,88336600.0,0.0,1648698000.0,0.0,25.95,14,3363|14
3363,FY2022Q4,2022,4,2022-12-31,N,actual,basic,328101000.0,59018000.0,20197000.0,0.23,88336600.0,0.0,1660503000.0,0.0,22.7,15,3363|15
3363,FY2022Q3,2022,3,2022-09-30,N,actual,basic,432414000.0,71477000.0,22679000.0,0.26,88336600.0,0.0,1631994000.0,0.0,23.3,16,3363|16
3363,FY2022Q2,2022,2,2022-06-30,N,actual,basic,421858000.0,72099000.0,7273000.0,0.08,88314600.0,0.0,1607118000.0,1.6,23.55,17,3363|17
3363,FY2022Q1,2022,1,2022-03-31,N,actual,basic,438286000.0,94536000.0,-3128000.0,-0.04,88314600.0,0.0,1617177000.0,0.0,30.6,18,3363|18
3363,FY2021Q4,2021,4,2021-12-31,N,actual,basic,553177000.0,149828000.0,41027000.0,0.47,88273100.0,0.0,1750967000.0,0.0,33.4,19,3363|19
3363,FY2021Q3,2021,3,2021-09-30,N,actual,basic,652042000.0,191472000.0,130574000.0,1.5,87127900.0,0.0,1717167000.0,0.0,27.65,20,3363|20
3363,FY2021Q2,2021,2,2021-06-30,N,actual,basic,416845000.0,70150000.0,28098000.0,0.32,87073900.0,0.0,1594253000.0,1.0,25.15,21,3363|21
3363,FY2021Q1,2021,1,2021-03-31,N,actual,basic,366205000.0,43196000.0,1945000.0,0.02,87073900.0,0.0,1571599000.0,0.0,27.1,22,3363|22
3363,FY2020Q4,2020,4,2020-12-31,N,actual,basic,407008000.0,72485000.0,-33792000.0,-0.4,91073900.0,4000000.0,1655427000.0,0.0,28.45,23,3363|23
3363,FY2020Q3,2020,3,2020-09-30,N,actual,basic,410473000.0,63590000.0,46660000.0,0.54,90743200.0,4000000.0,1702503000.0,,26.15,24,3363|24
3450,FY2026Q2,2026,2,2026-06-30,N,actual,basic,2976641000.0,963580000.0,305172000.0,2.09,145681400.0,0.0,5584813000.0,1.0,532.0,1,3450|1
3450,FY2026Q1,2026,1,2026-03-31,N,actual,basic,2086881000.0,517637000.0,100381000.0,0.69,145681400.0,0.0,5215702000.0,0.0,242.0,2,3450|2
3450,FY2025Q4,2025,4,2025-12-31,N,actual,basic,2121948000.0,566005000.0,223166000.0,1.53,145681400.0,0.0,5063491000.0,0.0,270.0,3,3450|3
3450,FY2025Q3,2025,3,2025-09-30,N,actual,basic,1855743000.0,422724000.0,88851000.0,0.61,145681400.0,0.0,4786716000.0,0.0,272.0,4,3450|4
3450,FY2025Q2,2025,2,2025-06-30,N,actual,basic,1848901000.0,569571000.0,77183000.0,0.53,145681400.0,0.0,4641311000.0,0.5,209.0,5,3450|5
3450,FY2025Q1,2025,1,2025-03-31,N,actual,basic,2758002000.0,997281000.0,340603000.0,2.34,145681400.0,0.0,4793618000.0,0.0,235.0,6,3450|6
3450,FY2024Q4,2024,4,2024-12-31,N,actual,basic,2476550000.0,830410000.0,291954000.0,2.0,145681400.0,0.0,4428767000.0,0.0,287.0,7,3450|7
3450,FY2024Q3,2024,3,2024-09-30,N,actual,basic,2100770000.0,578939000.0,151012000.0,1.04,145681400.0,0.0,4121000000.0,0.0,185.5,8,3450|8
3450,FY2024Q2,2024,2,2024-06-30,N,actual,basic,1704853000.0,394675000.0,69023000.0,0.47,145681400.0,0.0,3978855000.0,0.0,123.5,9,3450|9
3450,FY2024Q1,2024,1,2024-03-31,N,actual,basic,1285488000.0,257092000.0,44437000.0,0.31,145681400.0,0.0,3889504000.0,0.0,74.0,10,3450|10
3450,FY2023Q4,2023,4,2023-12-31,N,actual,basic,1438314000.0,220807000.0,-1732000.0,-0.01,145681400.0,0.0,3804752000.0,0.0,62.3,11,3450|11
3450,FY2023Q3,2023,3,2023-09-30,N,actual,basic,1406587000.0,181788000.0,-21099000.0,-0.14,145681400.0,0.0,3846063000.0,0.0,59.0,12,3450|12
3450,FY2023Q2,2023,2,2023-06-30,N,actual,basic,1291364000.0,185800000.0,-13234000.0,-0.09,145681400.0,0.0,3820316000.0,0.5,39.4,13,3450|13
3450,FY2023Q1,2023,1,2023-03-31,N,actual,basic,1262932000.0,216908000.0,-40091000.0,-0.28,145681400.0,0.0,3928184000.0,0.0,40.15,14,3450|14
3450,FY2022Q4,2022,4,2022-12-31,N,actual,basic,1518381000.0,260205000.0,-32346000.0,-0.22,145681400.0,0.0,3969678000.0,0.0,36.75,15,3450|15
3450,FY2022Q3,2022,3,2022-09-30,N,actual,basic,1782283000.0,387655000.0,87624000.0,0.6,145681400.0,0.0,4012785000.0,1.8,40.6,16,3450|16
3450,FY2022Q2,2022,2,2022-06-30,N,actual,basic,1809808000.0,307110000.0,74550000.0,0.51,145681400.0,0.0,3913111000.0,0.0,41.0,17,3450|17
3450,FY2022Q1,2022,1,2022-03-31,N,actual,basic,1665309000.0,337019000.0,61996000.0,0.43,145681400.0,0.0,4127605000.0,0.0,49.35,18,3450|18
3450,FY2021Q4,2021,4,2021-12-31,N,actual,basic,1784770000.0,389163000.0,65086000.0,0.45,145681400.0,0.0,4037183000.0,0.0,56.8,19,3450|19
3450,FY2021Q3,2021,3,2021-09-30,N,actual,basic,1829459000.0,436912000.0,106624000.0,0.73,145681400.0,0.0,3960347000.0,1.4,53.6,20,3450|20
3450,FY2021Q2,2021,2,2021-06-30,N,actual,basic,1841755000.0,461526000.0,108661000.0,0.75,145681400.0,0.0,4066399000.0,0.0,56.8,21,3450|21
3450,FY2021Q1,2021,1,2021-03-31,N,actual,basic,1741556000.0,405065000.0,90682000.0,0.62,145681400.0,0.0,3961841000.0,0.0,66.0,22,3450|22
3450,FY2020Q4,2020,4,2020-12-31,N,actual,basic,1623495000.0,364849000.0,47846000.0,0.32,145681400.0,0.0,3867989000.0,0.0,69.7,23,3450|23
3450,FY2020Q3,2020,3,2020-09-30,N,actual,basic,1639375000.0,368528000.0,45715000.0,0.31,145681400.0,0.0,3802045000.0,,63.2,24,3450|24
3665,FY2026Q3E,2026,3,2026-09-30,Y,consensus,basic,,,,18.74375,,,,,,0,3665|0
3665,FY2026Q2,2026,2,2026-06-30,N,actual,basic,23281188000.0,7154196000.0,2981775000.0,15.28,195078400.0,0.0,49562802000.0,0.0,1915.0,1,3665|1
3665,FY2026Q1,2026,1,2026-03-31,N,actual,basic,20863649000.0,6001841000.0,2273834000.0,11.66,195078400.0,0.0,46639663000.0,0.0,1740.0,2,3665|2
3665,FY2025Q4,2025,4,2025-12-31,N,actual,basic,19779964000.0,6315679000.0,2740078000.0,14.08,194969900.0,0.0,46634452000.0,0.0,1520.0,3,3665|3
3665,FY2025Q3,2025,3,2025-09-30,N,actual,basic,18413195000.0,6122914000.0,2628697000.0,13.51,194959900.0,0.0,42028780000.0,10.50548249,1030.0,4,3665|4
3665,FY2025Q2,2025,2,2025-06-30,N,actual,basic,16933328000.0,5268882000.0,2024484000.0,10.54,192071100.0,0.0,36600942000.0,0.0,848.0,5,3665|5
3665,FY2025Q1,2025,1,2025-03-31,N,actual,basic,16120785000.0,4897124000.0,1612107000.0,8.49,190083200.0,0.0,36910274000.0,0.0,504.0,6,3665|6
3665,FY2024Q4,2024,4,2024-12-31,N,actual,basic,14411637000.0,4147995000.0,1555805000.0,8.53,189554300.0,0.0,36208816000.0,0.0,612.0,7,3665|7
3665,FY2024Q3,2024,3,2024-09-30,N,actual,basic,14259287000.0,4181908000.0,1257207000.0,7.07,183390200.0,0.0,33244409000.0,8.7807351,461.0,8,3665|8
3665,FY2024Q2,2024,2,2024-06-30,N,actual,basic,12983996000.0,3649998000.0,1002454000.0,6.13,166536900.0,0.0,26234193000.0,0.0,374.0,9,3665|9
3665,FY2024Q1,2024,1,2024-03-31,N,actual,basic,12425561000.0,3272937000.0,580672000.0,3.56,163429600.0,0.0,24110138000.0,0.0,259.0,10,3665|10
3665,FY2023Q4,2023,4,2023-12-31,N,actual,basic,12195595000.0,2990764000.0,507876000.0,3.11,163309100.0,0.0,24585036000.0,0.0,267.0,11,3665|11
3665,FY2023Q3,2023,3,2023-09-30,N,actual,basic,13150145000.0,3509563000.0,740556000.0,4.54,163309100.0,0.0,24173791000.0,9.88572038,270.0,12,3665|12
3665,FY2023Q2,2023,2,2023-06-30,N,actual,basic,13004395000.0,2850162000.0,440991000.0,2.75,161577300.0,0.0,23063842000.0,0.0,322.0,13,3665|13
3665,FY2023Q1,2023,1,2023-03-31,N,actual,basic,12701656000.0,3236323000.0,627932000.0,4.01,156562300.0,0.0,21836795000.0,0.0,279.0,14,3665|14
3665,FY2022Q4,2022,4,2022-12-31,N,actual,basic,13600543000.0,3572380000.0,922388000.0,5.88,156446300.0,0.0,22485042000.0,0.0,236.5,15,3665|15
3665,FY2022Q3,2022,3,2022-09-30,N,actual,basic,14526402000.0,3740877000.0,1184084000.0,7.64,156427300.0,0.0,20970774000.0,9.44960126,280.5,16,3665|16
3665,FY2022Q2,2022,2,2022-06-30,N,actual,basic,13963028000.0,3625501000.0,1172964000.0,7.68,152750900.0,0.0,19031300000.0,0.0,308.5,17,3665|17
3665,FY2022Q1,2022,1,2022-03-31,N,actual,basic,11667198000.0,2848725000.0,558944000.0,3.74,152627400.0,0.0,18361569000.0,0.0,296.5,18,3665|18
3665,FY2021Q4,2021,4,2021-12-31,N,actual,basic,7998723000.0,1842970000.0,568796000.0,4.2,137457300.0,0.0,15124585000.0,0.0,261.0,19,3665|19
3665,FY2021Q3,2021,3,2021-09-30,N,actual,basic,7415446000.0,1754141000.0,606283000.0,4.54,133690100.0,0.0,13768063000.0,8.02486316,223.5,20,3665|20
3665,FY2021Q2,2021,2,2021-06-30,N,actual,basic,7015992000.0,1670731000.0,551411000.0,4.13,133636300.0,0.0,13273987000.0,0.0,259.0,21,3665|21
3665,FY2021Q1,2021,1,2021-03-31,N,actual,basic,6134214000.0,1361630000.0,309648000.0,2.35,133636300.0,0.0,12907300000.0,0.0,266.0,22,3665|22
3665,FY2020Q4,2020,4,2020-12-31,N,actual,basic,6266652000.0,1550737000.0,589079000.0,4.52,130569400.0,0.0,13237341000.0,0.0,243.5,23,3665|23
3665,FY2020Q3,2020,3,2020-09-30,N,actual,basic,6049454000.0,1589297000.0,499580000.0,3.83,130569400.0,0.0,12368366000.0,,225.5,24,3665|24
5289,FY2026Q3E,2026,3,2026-09-30,Y,consensus,basic,,,,99.01,,,,,,0,5289|0
5289,FY2026Q2,2026,2,2026-06-30,N,actual,basic,22443411000.0,14589612000.0,10368072000.0,108.93,96365400.0,0.0,23288098000.0,0.0,1615.0,1,5289|1
5289,FY2026Q1,2026,1,2026-03-31,N,actual,basic,13182608000.0,7791357000.0,5466357000.0,57.49,96355200.0,0.0,14500386000.0,0.0,847.0,2,5289|2
5289,FY2025Q4,2025,4,2025-12-31,N,actual,basic,4806690000.0,1597288000.0,870716000.0,9.26,96040700.0,0.0,8940787000.0,0.0,576.0,3,5289|3
5289,FY2025Q3,2025,3,2025-09-30,N,actual,basic,3807401000.0,1248818000.0,643038000.0,6.87,95345200.0,0.0,7932370000.0,9.37723774,329.5,4,5289|4
5289,FY2025Q2,2025,2,2025-06-30,N,actual,basic,3028429000.0,785089000.0,185349000.0,2.02,91641100.0,0.0,7184405000.0,0.0,237.0,5,5289|5
5289,FY2025Q1,2025,1,2025-03-31,N,actual,basic,2618742000.0,800733000.0,336540000.0,3.68,91574600.0,0.0,7854351000.0,0.0,250.5,6,5289|6
5289,FY2024Q4,2024,4,2024-12-31,N,actual,basic,2228005000.0,648956000.0,271532000.0,2.97,91456100.0,0.0,7491143000.0,0.0,218.0,7,5289|7
5289,FY2024Q3,2024,3,2024-09-30,N,actual,basic,2321419000.0,658433000.0,188620000.0,2.08,91337200.0,0.0,7196228000.0,10.2,282.0,8,5289|8
5289,FY2024Q2,2024,2,2024-06-30,N,actual,basic,2190229000.0,759289000.0,294050000.0,3.26,88397700.0,0.0,6803334000.0,0.0,302.0,9,5289|9
5289,FY2024Q1,2024,1,2024-03-31,N,actual,basic,2175989000.0,758571000.0,351970000.0,3.98,88397700.0,0.0,7398652000.0,0.0,305.5,10,5289|10
5289,FY2023Q4,2023,4,2023-12-31,N,actual,basic,2130049000.0,707384000.0,262238000.0,2.96,88397700.0,0.0,7036917000.0,0.0,312.0,11,5289|11
5289,FY2023Q3,2023,3,2023-09-30,N,actual,basic,1993007000.0,687513000.0,306457000.0,3.47,88397700.0,0.0,6756961000.0,13.78192729,296.5,12,5289|12
5289,FY2023Q2,2023,2,2023-06-30,N,actual,basic,1930516000.0,636105000.0,230718000.0,2.66,86666600.0,0.0,6433521000.0,0.0,324.0,13,5289|13
5289,FY2023Q1,2023,1,2023-03-31,N,actual,basic,2260206000.0,814910000.0,348203000.0,4.02,86666600.0,0.0,7382850000.0,0.0,314.0,14,5289|14
5289,FY2022Q4,2022,4,2022-12-31,N,actual,basic,2286572000.0,860807000.0,385061000.0,4.44,86553100.0,0.0,7012867000.0,0.0,185.5,15,5289|15
5289,FY2022Q3,2022,3,2022-09-30,N,actual,basic,2560341000.0,914902000.0,542661000.0,6.28,86470600.0,0.0,6611975000.0,11.5240749,161.5,16,5289|16
5289,FY2022Q2,2022,2,2022-06-30,N,actual,basic,2866579000.0,947502000.0,536500000.0,6.41,83895000.0,0.0,6043861000.0,0.0,162.5,17,5289|17
5289,FY2022Q1,2022,1,2022-03-31,N,actual,basic,2589737000.0,735407000.0,385967000.0,4.64,83722500.0,0.0,6458201000.0,0.0,215.0,18,5289|18
5289,FY2021Q4,2021,4,2021-12-31,N,actual,basic,2396847000.0,677529000.0,290253000.0,3.51,82668000.0,0.0,5960989000.0,0.0,204.0,19,5289|19
5289,FY2021Q3,2021,3,2021-09-30,N,actual,basic,2973845000.0,975336000.0,533714000.0,6.46,82628000.0,0.0,5663586000.0,6.69560253,182.0,20,5289|20
5289,FY2021Q2,2021,2,2021-06-30,N,actual,basic,2885046000.0,888150000.0,477358000.0,5.79,82516000.0,0.0,5668615000.0,0.0,190.5,21,5289|21
5289,FY2021Q1,2021,1,2021-03-31,N,actual,basic,1939920000.0,551203000.0,259563000.0,3.17,82459000.0,0.0,5182897000.0,0.0,170.0,22,5289|22
5289,FY2020Q4,2020,4,2020-12-31,N,actual,basic,1575490000.0,458968000.0,175456000.0,2.16,81324000.0,0.0,4816246000.0,0.0,166.0,23,5289|23
5289,FY2020Q3,2020,3,2020-09-30,N,actual,basic,1627205000.0,493122000.0,194271000.0,2.39,81324000.0,0.0,4634348000.0,,158.5,24,5289|24
5434,FY2026Q3E,2026,3,2026-09-30,Y,consensus,basic,,,,7.90333,,,,,,0,5434|0
5434,FY2026Q2,2026,2,2026-06-30,N,actual,basic,20825411000.0,2810847000.0,1535124000.0,7.92,194008000.0,0.0,21975278000.0,0.0,549.0,1,5434|1
5434,FY2026Q1,2026,1,2026-03-31,N,actual,basic,18536692000.0,2517460000.0,1322921000.0,6.86,193657700.0,0.0,19214366000.0,0.0,304.5,2,5434|2
5434,FY2025Q4,2025,4,2025-12-31,N,actual,basic,17298641000.0,2303334000.0,1223169000.0,6.36,192354600.0,0.0,19999753000.0,0.0,291.0,3,5434|3
5434,FY2025Q3,2025,3,2025-09-30,N,actual,basic,17538579000.0,2251328000.0,1103412000.0,5.75,192199800.0,0.0,18739987000.0,11.98556796,314.0,4,5434|4
5434,FY2025Q2,2025,2,2025-06-30,N,actual,basic,16986850000.0,1988366000.0,914696000.0,4.78,191342700.0,0.0,17068444000.0,0.0,274.5,5,5434|5
5434,FY2025Q1,2025,1,2025-03-31,N,actual,basic,15759461000.0,2107350000.0,939170000.0,4.91,191332300.0,0.0,16498529000.0,0.0,261.0,6,5434|6
5434,FY2024Q4,2024,4,2024-12-31,N,actual,basic,15907231000.0,2057740000.0,923666000.0,4.84,191039300.0,0.0,17771222000.0,0.0,280.0,7,5434|7
5434,FY2024Q3,2024,3,2024-09-30,N,actual,basic,15366525000.0,2043096000.0,936620000.0,4.93,190554000.0,0.0,16789650000.0,0.0,282.0,8,5434|8
5434,FY2024Q2,2024,2,2024-06-30,N,actual,basic,13791780000.0,1931406000.0,1020612000.0,5.41,188764100.0,0.0,15437575000.0,9.99658303,275.0,9,5434|9
5434,FY2024Q1,2024,1,2024-03-31,N,actual,basic,11931577000.0,1685728000.0,775037000.0,4.11,188700100.0,0.0,14274286000.0,0.0,219.0,10,5434|10
5434,FY2023Q4,2023,4,2023-12-31,N,actual,basic,12233421000.0,1593449000.0,633558000.0,3.35,188699600.0,0.0,15109065000.0,0.0,182.5,11,5434|11
5434,FY2023Q3,2023,3,2023-09-30,N,actual,basic,12492338000.0,1743119000.0,791913000.0,4.25,188699600.0,0.0,14413298000.0,0.0,169.5,12,5434|12
5434,FY2023Q2,2023,2,2023-06-30,N,actual,basic,12055351000.0,1581488000.0,669619000.0,3.69,181699600.0,0.0,12564042000.0,10.0,182.5,13,5434|13
5434,FY2023Q1,2023,1,2023-03-31,N,actual,basic,12492345000.0,1500744000.0,739934000.0,4.07,181699600.0,0.0,11830406000.0,0.0,189.0,14,5434|14
5434,FY2022Q4,2022,4,2022-12-31,N,actual,basic,13377459000.0,1601395000.0,565094000.0,3.11,181699600.0,0.0,12959644000.0,0.0,164.0,15,5434|15
5434,FY2022Q3,2022,3,2022-09-30,N,actual,basic,13792845000.0,1840106000.0,893203000.0,4.92,181699600.0,0.0,12162603000.0,0.0,154.5,16,5434|16
5434,FY2022Q2,2022,2,2022-06-30,N,actual,basic,13225334000.0,1622386000.0,900267000.0,4.96,181699600.0,0.0,11202522000.0,8.8,138.0,17,5434|17
5434,FY2022Q1,2022,1,2022-03-31,N,actual,basic,12582577000.0,1461477000.0,659914000.0,3.63,181699600.0,0.0,10707907000.0,0.0,170.0,18,5434|18
5434,FY2021Q4,2021,4,2021-12-31,N,actual,basic,11766160000.0,1498856000.0,633208000.0,3.49,181699600.0,0.0,11596572000.0,0.0,158.0,19,5434|19
5434,FY2021Q3,2021,3,2021-09-30,N,actual,basic,10988763000.0,1338868000.0,593514000.0,3.26,181699600.0,0.0,10701466000.0,0.0,137.5,20,5434|20
5434,FY2021Q2,2021,2,2021-06-30,N,actual,basic,10381154000.0,1276802000.0,613334000.0,3.38,181699600.0,0.0,10141465000.0,8.0,125.0,21,5434|21
5434,FY2021Q1,2021,1,2021-03-31,N,actual,basic,9532889000.0,1097678000.0,454402000.0,2.5,181699600.0,0.0,9570395000.0,0.0,136.5,22,5434|22
5434,FY2020Q4,2020,4,2020-12-31,N,actual,basic,8938602000.0,1094556000.0,548182000.0,3.01,181699600.0,0.0,10573627000.0,0.0,119.5,23,5434|23
5434,FY2020Q3,2020,3,2020-09-30,N,actual,basic,9067715000.0,1028467000.0,521666000.0,2.87,181699600.0,0.0,9893143000.0,,114.0,24,5434|24
6442,FY2026Q3E,2026,3,2026-09-30,Y,consensus,basic,,,,13.49,,,,,,0,6442|0
6442,FY2026Q2,2026,2,2026-06-30,N,actual,basic,3680968000.0,2301025000.0,890415000.0,11.21,80450200.0,200000.0,13590598000.0,0.0,1640.0,1,6442|1
6442,FY2026Q1,2026,1,2026-03-31,N,actual,basic,2705681000.0,1499180000.0,606763000.0,7.82,78073300.0,200000.0,7048699000.0,0.0,1900.0,2,6442|2
6442,FY2025Q4,2025,4,2025-12-31,N,actual,basic,2999698000.0,1727031000.0,731967000.0,9.59,78073300.0,200000.0,6844831000.0,0.0,1360.0,3,6442|3
6442,FY2025Q3,2025,3,2025-09-30,N,actual,basic,2514032000.0,1517758000.0,529792000.0,7.03,76000200.0,200000.0,4097937000.0,8.62269123,793.0,4,6442|4
6442,FY2025Q2,2025,2,2025-06-30,N,actual,basic,2908774000.0,1793874000.0,195802000.0,2.6,76000200.0,200000.0,3514644000.0,0.0,464.0,5,6442|5
6442,FY2025Q1,2025,1,2025-03-31,N,actual,basic,2104723000.0,1040200000.0,321702000.0,4.26,76000000.0,0.0,3568399000.0,0.0,412.5,6,6442|6
6442,FY2024Q4,2024,4,2024-12-31,N,actual,basic,2500991000.0,1353807000.0,432057000.0,5.78,76000000.0,0.0,3696075000.0,0.0,650.0,7,6442|7
6442,FY2024Q3,2024,3,2024-09-30,N,actual,basic,1641247000.0,1038896000.0,259156000.0,3.43,75600000.0,0.0,3137906000.0,2.1,374.0,8,6442|8
6442,FY2024Q2,2024,2,2024-06-30,N,actual,basic,1441848000.0,766439000.0,247463000.0,3.27,75600000.0,0.0,2859876000.0,0.0,336.5,9,6442|9
6442,FY2024Q1,2024,1,2024-03-31,N,actual,basic,826319000.0,406034000.0,118925000.0,1.72,75600000.0,0.0,2757327000.0,0.0,140.5,10,6442|10
6442,FY2023Q4,2023,4,2023-12-31,N,actual,basic,620029000.0,288460000.0,25907000.0,0.39,66300000.0,0.0,2050726000.0,0.0,70.3,11,6442|11
6442,FY2023Q3,2023,3,2023-09-30,N,actual,basic,666543000.0,224464000.0,67669000.0,1.02,66300000.0,0.0,2012740000.0,2.1,76.1,12,6442|12
6442,FY2023Q2,2023,2,2023-06-30,N,actual,basic,698592000.0,250312000.0,70949000.0,1.07,66300000.0,0.0,1911408000.0,0.0,51.4,13,6442|13
6442,FY2023Q1,2023,1,2023-03-31,N,actual,basic,632221000.0,167151000.0,3517000.0,0.05,66300000.0,0.0,1855723000.0,0.0,53.9,14,6442|14
6442,FY2022Q4,2022,4,2022-12-31,N,actual,basic,584015000.0,165938000.0,8688000.0,0.13,69300000.0,3000000.0,1992251000.0,0.0,43.6,15,6442|15
6442,FY2022Q3,2022,3,2022-09-30,N,actual,basic,879510000.0,323780000.0,155277000.0,2.34,69300000.0,3000000.0,1992244000.0,1.2,46.9,16,6442|16
6442,FY2022Q2,2022,2,2022-06-30,N,actual,basic,770139000.0,243689000.0,82775000.0,1.25,69300000.0,3000000.0,1828554000.0,0.0,40.85,17,6442|17
6442,FY2022Q1,2022,1,2022-03-31,N,actual,basic,706524000.0,201814000.0,74925000.0,1.13,69300000.0,3000000.0,1757456000.0,0.0,36.25,18,6442|18
6442,FY2021Q4,2021,4,2021-12-31,N,actual,basic,627018000.0,145045000.0,31592000.0,0.48,69300000.0,3000000.0,1737529000.0,0.0,35.95,19,6442|19
6442,FY2021Q3,2021,3,2021-09-30,N,actual,basic,768611000.0,144113000.0,22859000.0,0.34,69300000.0,3000000.0,1698998000.0,1.0,34.9,20,6442|20
6442,FY2021Q2,2021,2,2021-06-30,N,actual,basic,727566000.0,177768000.0,34779000.0,0.53,69300000.0,3000000.0,1680253000.0,0.0,34.55,21,6442|21
6442,FY2021Q1,2021,1,2021-03-31,N,actual,basic,689821000.0,134327000.0,14175000.0,0.21,69300000.0,3000000.0,1651321000.0,0.0,31.75,22,6442|22
6442,FY2020Q4,2020,4,2020-12-31,N,actual,basic,624778000.0,104654000.0,-17035000.0,-0.26,69300000.0,3000000.0,1709033000.0,0.0,29.7,23,6442|23
6442,FY2020Q3,2020,3,2020-09-30,N,actual,basic,652440000.0,133774000.0,8361000.0,0.13,69300000.0,3000000.0,1725055000.0,,30.1,24,6442|24
