ticker,ym,month_end,revenue,mseq
2059,2026-10,2026-10-01,4464393000,1
2059,2026-09,2026-09-01,6466169000,2
2059,2026-08,2026-08-01,6407256000,3
2059,2026-07,2026-07-01,4442581000,4
2059,2026-06,2026-06-01,3791303000,5
2059,2026-05,2026-05-01,2595892000,6
2059,2026-04,2026-04-01,1918166000,7
2059,2026-03,2026-03-01,1756868000,8
2059,2026-02,2026-02-01,1774956000,9
2059,2026-01,2026-01-01,1722455000,10
2059,2025-12,2025-12-01,1659348000,11
2059,2025-11,2025-11-01,1567264000,12
2059,2025-10,2025-10-01,1507097000,13
2059,2025-09,2025-09-01,1454984000,14
2059,2025-08,2025-08-01,1406573000,15
2059,2025-07,2025-07-01,1386041000,16
2059,2025-06,2025-06-01,1393592000,17
2059,2025-05,2025-05-01,1449099000,18
2059,2025-04,2025-04-01,1381226000,19
2059,2025-03,2025-03-01,1339536000,20
2059,2025-02,2025-02-01,1233439000,21
2059,2025-01,2025-01-01,1122385000,22
2059,2024-12,2024-12-01,1013472000,23
2059,2024-11,2024-11-01,962289000,24
2059,2024-10,2024-10-01,821999000,25
2059,2024-09,2024-09-01,868862000,26
2059,2024-08,2024-08-01,885818000,27
2059,2024-07,2024-07-01,853539000,28
2059,2024-06,2024-06-01,868403000,29
2059,2024-05,2024-05-01,794727000,30
2059,2024-04,2024-04-01,776192000,31
2059,2024-03,2024-03-01,506067000,32
2059,2024-02,2024-02-01,655548000,33
2059,2024-01,2024-01-01,639013000,34
2059,2023-12,2023-12-01,610458000,35
2059,2023-11,2023-11-01,615320000,36
2303,2026-10,2026-10-01,25350431000,1
2303,2026-09,2026-09-01,25044641000,2
2303,2026-08,2026-08-01,23844045000,3
2303,2026-07,2026-07-01,23124962000,4
2303,2026-06,2026-06-01,22943755000,5
2303,2026-05,2026-05-01,22663945000,6
2303,2026-04,2026-04-01,20830626000,7
2303,2026-03,2026-03-01,19345126000,8
2303,2026-02,2026-02-01,20862150000,9
2303,2026-01,2026-01-01,19280724000,10
2303,2025-12,2025-12-01,21233847000,11
2303,2025-11,2025-11-01,21294974000,12
2303,2025-10,2025-10-01,19927175000,13
2303,2025-09,2025-09-01,19159816000,14
2303,2025-08,2025-08-01,20040049000,15
2303,2025-07,2025-07-01,18823070000,16
2303,2025-06,2025-06-01,19480057000,17
2303,2025-05,2025-05-01,20454530000,18
2303,2025-04,2025-04-01,19858647000,19
2303,2025-03,2025-03-01,18193515000,20
2303,2025-02,2025-02-01,19806795000,21
2303,2025-01,2025-01-01,18965818000,22
2303,2024-12,2024-12-01,20049182000,23
2303,2024-11,2024-11-01,21371110000,24
2303,2024-10,2024-10-01,18942714000,25
2303,2024-09,2024-09-01,20645494000,26
2303,2024-08,2024-08-01,20896877000,27
2303,2024-07,2024-07-01,17548413000,28
2303,2024-06,2024-06-01,19509486000,29
2303,2024-05,2024-05-01,19741391000,30
2303,2024-04,2024-04-01,18167134000,31
2303,2024-03,2024-03-01,17451268000,32
2303,2024-02,2024-02-01,19013697000,33
2303,2024-01,2024-01-01,16979226000,34
2303,2023-12,2023-12-01,18787670000,35
2303,2023-11,2023-11-01,19191382000,36
2327,2026-10,2026-10-01,17068153000,1
2327,2026-09,2026-09-01,16332196000,2
2327,2026-08,2026-08-01,16131188000,3
2327,2026-07,2026-07-01,15359009000,4
2327,2026-06,2026-06-01,15058220000,5
2327,2026-05,2026-05-01,14039098000,6
2327,2026-04,2026-04-01,13630196000,7
2327,2026-03,2026-03-01,11505323000,8
2327,2026-02,2026-02-01,13030129000,9
2327,2026-01,2026-01-01,12350934000,10
2327,2025-12,2025-12-01,12264829000,11
2327,2025-11,2025-11-01,11352460000,12
2327,2025-10,2025-10-01,11680869000,13
2327,2025-09,2025-09-01,10759050000,14
2327,2025-08,2025-08-01,10646791000,15
2327,2025-07,2025-07-01,11056490000,16
2327,2025-06,2025-06-01,10211491000,17
2327,2025-05,2025-05-01,11503407000,18
2327,2025-04,2025-04-01,11101274000,19
2327,2025-03,2025-03-01,9752950000,20
2327,2025-02,2025-02-01,10249471000,21
2327,2025-01,2025-01-01,9519583000,22
2327,2024-12,2024-12-01,10020442000,23
2327,2024-11,2024-11-01,10465920000,24
2327,2024-10,2024-10-01,10415225000,25
2327,2024-09,2024-09-01,10317720000,26
2327,2024-08,2024-08-01,11005022000,27
2327,2024-07,2024-07-01,10003610000,28
2327,2024-06,2024-06-01,10711943000,29
2327,2024-05,2024-05-01,10703166000,30
2327,2024-04,2024-04-01,10023146000,31
2327,2024-03,2024-03-01,8460627000,32
2327,2024-02,2024-02-01,10020808000,33
2327,2024-01,2024-01-01,8948352000,34
2327,2023-12,2023-12-01,9350393000,35
2327,2023-11,2023-11-01,9061774000,36
2330,2026-10,2026-10-01,511857399000,1
2330,2026-09,2026-09-01,514805337000,2
2330,2026-08,2026-08-01,467580548000,3
2330,2026-07,2026-07-01,442679969000,4
2330,2026-06,2026-06-01,416975163000,5
2330,2026-05,2026-05-01,410725118000,6
2330,2026-04,2026-04-01,415191699000,7
2330,2026-03,2026-03-01,317656613000,8
2330,2026-02,2026-02-01,401255128000,9
2330,2026-01,2026-01-01,335003568000,10
2330,2025-12,2025-12-01,343613802000,11
2330,2025-11,2025-11-01,367473051000,12
2330,2025-10,2025-10-01,330980920000,13
2330,2025-09,2025-09-01,335771691000,14
2330,2025-08,2025-08-01,323165707000,15
2330,2025-07,2025-07-01,263708978000,16
2330,2025-06,2025-06-01,320515951000,17
2330,2025-05,2025-05-01,349566940000,18
2330,2025-04,2025-04-01,285956830000,19
2330,2025-03,2025-03-01,260008796000,20
2330,2025-02,2025-02-01,293288038000,21
2330,2025-01,2025-01-01,278163107000,22
2330,2024-12,2024-12-01,276058358000,23
2330,2024-11,2024-11-01,314239713000,24
2330,2024-10,2024-10-01,251872717000,25
2330,2024-09,2024-09-01,250866368000,26
2330,2024-08,2024-08-01,256953058000,27
2330,2024-07,2024-07-01,207868693000,28
2330,2024-06,2024-06-01,229620372000,29
2330,2024-05,2024-05-01,236021112000,30
2330,2024-04,2024-04-01,195210804000,31
2330,2024-03,2024-03-01,181648270000,32
2330,2024-02,2024-02-01,215785127000,33
2330,2024-01,2024-01-01,176299866000,34
2330,2023-12,2023-12-01,206026179000,35
2330,2023-11,2023-11-01,243202811000,36
2344,2026-10,2026-10-01,28248909000,1
2344,2026-09,2026-09-01,27308717000,2
2344,2026-08,2026-08-01,26773179000,3
2344,2026-07,2026-07-01,20596799000,4
2344,2026-06,2026-06-01,20001444000,5
2344,2026-05,2026-05-01,19245022000,6
2344,2026-04,2026-04-01,14501399000,7
2344,2026-03,2026-03-01,11973254000,8
2344,2026-02,2026-02-01,11778411000,9
2344,2026-01,2026-01-01,9770303000,10
2344,2025-12,2025-12-01,8629567000,11
2344,2025-11,2025-11-01,8225204000,12
2344,2025-10,2025-10-01,7920210000,13
2344,2025-09,2025-09-01,7012528000,14
2344,2025-08,2025-08-01,6837785000,15
2344,2025-07,2025-07-01,7105364000,16
2344,2025-06,2025-06-01,7093516000,17
2344,2025-05,2025-05-01,6819077000,18
2344,2025-04,2025-04-01,7572802000,19
2344,2025-03,2025-03-01,6353503000,20
2344,2025-02,2025-02-01,6066312000,21
2344,2025-01,2025-01-01,6372253000,22
2344,2024-12,2024-12-01,6221805000,23
2344,2024-11,2024-11-01,6097945000,24
2344,2024-10,2024-10-01,7231483000,25
2344,2024-09,2024-09-01,6997545000,26
2344,2024-08,2024-08-01,7083403000,27
2344,2024-07,2024-07-01,7377553000,28
2344,2024-06,2024-06-01,7125163000,29
2344,2024-05,2024-05-01,6981267000,30
2344,2024-04,2024-04-01,7511330000,31
2344,2024-03,2024-03-01,6207435000,32
2344,2024-02,2024-02-01,6402586000,33
2344,2024-01,2024-01-01,6507308000,34
2344,2023-12,2023-12-01,6368389000,35
2344,2023-11,2023-11-01,6297972000,36
2376,2026-10,2026-10-01,63099342000,1
2376,2026-09,2026-09-01,47400848000,2
2376,2026-08,2026-08-01,44213037000,3
2376,2026-07,2026-07-01,42892460000,4
2376,2026-06,2026-06-01,49053470000,5
2376,2026-05,2026-05-01,52267730000,6
2376,2026-04,2026-04-01,39028800000,7
2376,2026-03,2026-03-01,32908194000,8
2376,2026-02,2026-02-01,33118551000,9
2376,2026-01,2026-01-01,30306210000,10
2376,2025-12,2025-12-01,30729748000,11
2376,2025-11,2025-11-01,28318245000,12
2376,2025-10,2025-10-01,27988237000,13
2376,2025-09,2025-09-01,23888296000,14
2376,2025-08,2025-08-01,27690083000,15
2376,2025-07,2025-07-01,25447702000,16
2376,2025-06,2025-06-01,46728346000,17
2376,2025-05,2025-05-01,30098100000,18
2376,2025-04,2025-04-01,22322801000,19
2376,2025-03,2025-03-01,22326218000,20
2376,2025-02,2025-02-01,21091561000,21
2376,2025-01,2025-01-01,17597178000,22
2376,2024-12,2024-12-01,22242930000,23
2376,2024-11,2024-11-01,25771684000,24
2376,2024-10,2024-10-01,26735874000,25
2376,2024-09,2024-09-01,24662927000,26
2376,2024-08,2024-08-01,19035807000,27
2376,2024-07,2024-07-01,22932130000,28
2376,2024-06,2024-06-01,22477138000,29
2376,2024-05,2024-05-01,28523875000,30
2376,2024-04,2024-04-01,24253194000,31
2376,2024-03,2024-03-01,13968881000,32
2376,2024-02,2024-02-01,16930021000,33
2376,2024-01,2024-01-01,12845855000,34
2376,2023-12,2023-12-01,15915793000,35
2376,2023-11,2023-11-01,16764958000,36
2408,2026-10,2026-10-01,45091089000,1
2408,2026-09,2026-09-01,44690268000,2
2408,2026-08,2026-08-01,43867609000,3
2408,2026-07,2026-07-01,29388309000,4
2408,2026-06,2026-06-01,27669563000,5
2408,2026-05,2026-05-01,25491201000,6
2408,2026-04,2026-04-01,18169760000,7
2408,2026-03,2026-03-01,15607184000,8
2408,2026-02,2026-02-01,15309988000,9
2408,2026-01,2026-01-01,12017152000,10
2408,2025-12,2025-12-01,10168737000,11
2408,2025-11,2025-11-01,7907729000,12
2408,2025-10,2025-10-01,6664140000,13
2408,2025-09,2025-09-01,6762501000,14
2408,2025-08,2025-08-01,5352227000,15
2408,2025-07,2025-07-01,4074153000,16
2408,2025-06,2025-06-01,3333121000,17
2408,2025-05,2025-05-01,3118820000,18
2408,2025-04,2025-04-01,2752833000,19
2408,2025-03,2025-03-01,2272734000,20
2408,2025-02,2025-02-01,2162373000,21
2408,2025-01,2025-01-01,2205531000,22
2408,2024-12,2024-12-01,2187326000,23
2408,2024-11,2024-11-01,2182240000,24
2408,2024-10,2024-10-01,2584927000,25
2408,2024-09,2024-09-01,2802250000,26
2408,2024-08,2024-08-01,2745416000,27
2408,2024-07,2024-07-01,3363197000,28
2408,2024-06,2024-06-01,3351375000,29
2408,2024-05,2024-05-01,3206471000,30
2408,2024-04,2024-04-01,3391358000,31
2408,2024-03,2024-03-01,3050934000,32
2408,2024-02,2024-02-01,3060645000,33
2408,2024-01,2024-01-01,3161948000,34
2408,2023-12,2023-12-01,2874000000,35
2408,2023-11,2023-11-01,2668030000,36
2409,2026-09,2026-09-01,23101650000,1
2409,2026-08,2026-08-01,20370071000,2
2409,2026-07,2026-07-01,24952469000,3
2409,2026-06,2026-06-01,23838344000,4
2409,2026-05,2026-05-01,22100381000,5
2409,2026-04,2026-04-01,26020730000,6
2409,2026-03,2026-03-01,20505355000,7
2409,2026-02,2026-02-01,22505270000,8
2409,2026-01,2026-01-01,25189520000,9
2409,2025-12,2025-12-01,24036310000,10
2409,2025-11,2025-11-01,20915737000,11
2409,2025-10,2025-10-01,24445426000,12
2409,2025-09,2025-09-01,24539457000,13
2409,2025-08,2025-08-01,20922673000,14
2409,2025-07,2025-07-01,21921538000,15
2409,2025-06,2025-06-01,24177397000,16
2409,2025-05,2025-05-01,23137814000,17
2409,2025-04,2025-04-01,25852917000,18
2409,2025-03,2025-03-01,24605664000,19
2409,2025-02,2025-02-01,21643289000,20
2409,2025-01,2025-01-01,24593946000,21
2409,2024-12,2024-12-01,23256940000,22
2409,2024-11,2024-11-01,20873385000,23
2409,2024-10,2024-10-01,25871576000,24
2409,2024-09,2024-09-01,27012994000,25
2409,2024-08,2024-08-01,24863565000,26
2409,2024-07,2024-07-01,25221323000,27
2409,2024-06,2024-06-01,25339522000,28
2409,2024-05,2024-05-01,23767101000,29
2409,2024-04,2024-04-01,21203584000,30
2409,2024-03,2024-03-01,19832105000,31
2409,2024-02,2024-02-01,18441642000,32
2409,2024-01,2024-01-01,21996796000,33
2409,2023-12,2023-12-01,20181223000,34
2409,2023-11,2023-11-01,21167778000,35
2409,2023-10,2023-10-01,24568621000,36
2454,2026-10,2026-10-01,55399497000,1
2454,2026-09,2026-09-01,64183361000,2
2454,2026-08,2026-08-01,48474930000,3
2454,2026-07,2026-07-01,58011756000,4
2454,2026-06,2026-06-01,47434191000,5
2454,2026-05,2026-05-01,46736664000,6
2454,2026-04,2026-04-01,63219184000,7
2454,2026-03,2026-03-01,38954271000,8
2454,2026-02,2026-02-01,46977055000,9
2454,2026-01,2026-01-01,51266079000,10
2454,2025-12,2025-12-01,46895680000,11
2454,2025-11,2025-11-01,52026251000,12
2454,2025-10,2025-10-01,54330057000,13
2454,2025-09,2025-09-01,44546643000,14
2454,2025-08,2025-08-01,43220164000,15
2454,2025-07,2025-07-01,56433621000,16
2454,2025-06,2025-06-01,45180526000,17
2454,2025-05,2025-05-01,48754424000,18
2454,2025-04,2025-04-01,55996226000,19
2454,2025-03,2025-03-01,46171723000,20
2454,2025-02,2025-02-01,51144288000,21
2454,2025-01,2025-01-01,41683430000,22
2454,2024-12,2024-12-01,45242346000,23
2454,2024-11,2024-11-01,51117348000,24
2454,2024-10,2024-10-01,44675936000,25
2454,2024-09,2024-09-01,41527835000,26
2454,2024-08,2024-08-01,45609723000,27
2454,2024-07,2024-07-01,43092056000,28
2454,2024-06,2024-06-01,42151178000,29
2454,2024-05,2024-05-01,42027887000,30
2454,2024-04,2024-04-01,50479987000,31
2454,2024-03,2024-03-01,38481870000,32
2454,2024-02,2024-02-01,44496290000,33
2454,2024-01,2024-01-01,43679986000,34
2454,2023-12,2023-12-01,43071172000,35
2454,2023-11,2023-11-01,42810847000,36
2455,2026-10,2026-10-01,449063000,1
2455,2026-09,2026-09-01,470904000,2
2455,2026-08,2026-08-01,422106000,3
2455,2026-07,2026-07-01,325993000,4
2455,2026-06,2026-06-01,320785000,5
2455,2026-05,2026-05-01,318595000,6
2455,2026-04,2026-04-01,311246000,7
2455,2026-03,2026-03-01,307741000,8
2455,2026-02,2026-02-01,340323000,9
2455,2026-01,2026-01-01,319238000,10
2455,2025-12,2025-12-01,285178000,11
2455,2025-11,2025-11-01,355173000,12
2455,2025-10,2025-10-01,346803000,13
2455,2025-09,2025-09-01,275126000,14
2455,2025-08,2025-08-01,290875000,15
2455,2025-07,2025-07-01,263848000,16
2455,2025-06,2025-06-01,218948000,17
2455,2025-05,2025-05-01,231292000,18
2455,2025-04,2025-04-01,266842000,19
2455,2025-03,2025-03-01,265548000,20
2455,2025-02,2025-02-01,261272000,21
2455,2025-01,2025-01-01,248868000,22
2455,2024-12,2024-12-01,237339000,23
2455,2024-11,2024-11-01,236267000,24
2455,2024-10,2024-10-01,269294000,25
2455,2024-09,2024-09-01,273961000,26
2455,2024-08,2024-08-01,262493000,27
2455,2024-07,2024-07-01,296919000,28
2455,2024-06,2024-06-01,291927000,29
2455,2024-05,2024-05-01,286755000,30
2455,2024-04,2024-04-01,295997000,31
2455,2024-03,2024-03-01,263703000,32
2455,2024-02,2024-02-01,277694000,33
2455,2024-01,2024-01-01,294549000,34
2455,2023-12,2023-12-01,325709000,35
2455,2023-11,2023-11-01,316680000,36
2465,2026-10,2026-10-01,1063596000,1
2465,2026-09,2026-09-01,1180621000,2
2465,2026-08,2026-08-01,1070629000,3
2465,2026-07,2026-07-01,937969000,4
2465,2026-06,2026-06-01,704375000,5
2465,2026-05,2026-05-01,863341000,6
2465,2026-04,2026-04-01,624910000,7
2465,2026-03,2026-03-01,477648000,8
2465,2026-02,2026-02-01,466630000,9
2465,2026-01,2026-01-01,360721000,10
2465,2025-12,2025-12-01,307434000,11
2465,2025-11,2025-11-01,259818000,12
2465,2025-10,2025-10-01,1426276000,13
2465,2025-09,2025-09-01,244302000,14
2465,2025-08,2025-08-01,281096000,15
2465,2025-07,2025-07-01,145673000,16
2465,2025-06,2025-06-01,299296000,17
2465,2025-05,2025-05-01,313034000,18
2465,2025-04,2025-04-01,341205000,19
2465,2025-03,2025-03-01,210023000,20
2465,2025-02,2025-02-01,269109000,21
2465,2025-01,2025-01-01,938899000,22
2465,2024-12,2024-12-01,340838000,23
2465,2024-11,2024-11-01,348625000,24
2465,2024-10,2024-10-01,325865000,25
2465,2024-09,2024-09-01,427360000,26
2465,2024-08,2024-08-01,255025000,27
2465,2024-07,2024-07-01,211274000,28
2465,2024-06,2024-06-01,260814000,29
2465,2024-05,2024-05-01,247293000,30
2465,2024-04,2024-04-01,383428000,31
2465,2024-03,2024-03-01,223093000,32
2465,2024-02,2024-02-01,333294000,33
2465,2024-01,2024-01-01,591964000,34
2465,2023-12,2023-12-01,710103000,35
2465,2023-11,2023-11-01,419757000,36
3034,2026-10,2026-10-01,10347340000,1
3034,2026-09,2026-09-01,10327444000,2
3034,2026-08,2026-08-01,10296332000,3
3034,2026-07,2026-07-01,10022596000,4
3034,2026-06,2026-06-01,9412486000,5
3034,2026-05,2026-05-01,9225016000,6
3034,2026-04,2026-04-01,8468607000,7
3034,2026-03,2026-03-01,7059376000,8
3034,2026-02,2026-02-01,7617321000,9
3034,2026-01,2026-01-01,7319722000,10
3034,2025-12,2025-12-01,7618617000,11
3034,2025-11,2025-11-01,7878870000,12
3034,2025-10,2025-10-01,8278299000,13
3034,2025-09,2025-09-01,8174953000,14
3034,2025-08,2025-08-01,8120418000,15
3034,2025-07,2025-07-01,8425263000,16
3034,2025-06,2025-06-01,8607337000,17
3034,2025-05,2025-05-01,9119463000,18
3034,2025-04,2025-04-01,9372100000,19
3034,2025-03,2025-03-01,9267233000,20
3034,2025-02,2025-02-01,8480869000,21
3034,2025-01,2025-01-01,8527147000,22
3034,2024-12,2024-12-01,8212667000,23
3034,2024-11,2024-11-01,8522705000,24
3034,2024-10,2024-10-01,8918212000,25
3034,2024-09,2024-09-01,9680155000,26
3034,2024-08,2024-08-01,9267960000,27
3034,2024-07,2024-07-01,8463250000,28
3034,2024-06,2024-06-01,8438693000,29
3034,2024-05,2024-05-01,8329076000,30
3034,2024-04,2024-04-01,8575205000,31
3034,2024-03,2024-03-01,7132911000,32
3034,2024-02,2024-02-01,8719770000,33
3034,2024-01,2024-01-01,8679433000,34
3034,2023-12,2023-12-01,8948713000,35
3034,2023-11,2023-11-01,9525678000,36
3081,2026-10,2026-10-01,540492000,1
3081,2026-09,2026-09-01,520469000,2
3081,2026-08,2026-08-01,501210000,3
3081,2026-07,2026-07-01,420507000,4
3081,2026-06,2026-06-01,405322000,5
3081,2026-05,2026-05-01,395349000,6
3081,2026-04,2026-04-01,343319000,7
3081,2026-03,2026-03-01,290300000,8
3081,2026-02,2026-02-01,270770000,9
3081,2026-01,2026-01-01,230664000,10
3081,2025-12,2025-12-01,210280000,11
3081,2025-11,2025-11-01,201479000,12
3081,2025-10,2025-10-01,186272000,13
3081,2025-09,2025-09-01,185285000,14
3081,2025-08,2025-08-01,181246000,15
3081,2025-07,2025-07-01,184322000,16
3081,2025-06,2025-06-01,185217000,17
3081,2025-05,2025-05-01,183555000,18
3081,2025-04,2025-04-01,181318000,19
3081,2025-03,2025-03-01,151644000,20
3081,2025-02,2025-02-01,121540000,21
3081,2025-01,2025-01-01,89084000,22
3081,2024-12,2024-12-01,85131000,23
3081,2024-11,2024-11-01,114595000,24
3081,2024-10,2024-10-01,110497000,25
3081,2024-09,2024-09-01,107291000,26
3081,2024-08,2024-08-01,105257000,27
3081,2024-07,2024-07-01,101560000,28
3081,2024-06,2024-06-01,68682000,29
3081,2024-05,2024-05-01,102346000,30
3081,2024-04,2024-04-01,110324000,31
3081,2024-03,2024-03-01,100496000,32
3081,2024-02,2024-02-01,113159000,33
3081,2024-01,2024-01-01,110473000,34
3081,2023-12,2023-12-01,105453000,35
3081,2023-11,2023-11-01,80821000,36
3105,2026-10,2026-10-01,2029540000,1
3105,2026-09,2026-09-01,1937397000,2
3105,2026-08,2026-08-01,1892049000,3
3105,2026-07,2026-07-01,1767694000,4
3105,2026-06,2026-06-01,1755488000,5
3105,2026-05,2026-05-01,1734086000,6
3105,2026-04,2026-04-01,1648656000,7
3105,2026-03,2026-03-01,1473703000,8
3105,2026-02,2026-02-01,1467701000,9
3105,2026-01,2026-01-01,1614459000,10
3105,2025-12,2025-12-01,1620599000,11
3105,2025-11,2025-11-01,1559396000,12
3105,2025-10,2025-10-01,1560931000,13
3105,2025-09,2025-09-01,1484003000,14
3105,2025-08,2025-08-01,1442357000,15
3105,2025-07,2025-07-01,1364461000,16
3105,2025-06,2025-06-01,1251261000,17
3105,2025-05,2025-05-01,1164676000,18
3105,2025-04,2025-04-01,1228088000,19
3105,2025-03,2025-03-01,1170381000,20
3105,2025-02,2025-02-01,1177334000,21
3105,2025-01,2025-01-01,1229948000,22
3105,2024-12,2024-12-01,1250441000,23
3105,2024-11,2024-11-01,1225676000,24
3105,2024-10,2024-10-01,1235694000,25
3105,2024-09,2024-09-01,1501179000,26
3105,2024-08,2024-08-01,1610948000,27
3105,2024-07,2024-07-01,1665949000,28
3105,2024-06,2024-06-01,1653217000,29
3105,2024-05,2024-05-01,1642260000,30
3105,2024-04,2024-04-01,1613349000,31
3105,2024-03,2024-03-01,1315488000,32
3105,2024-02,2024-02-01,1514003000,33
3105,2024-01,2024-01-01,1667234000,34
3105,2023-12,2023-12-01,1610421000,35
3105,2023-11,2023-11-01,1590381000,36
3163,2026-10,2026-10-01,242257000,1
3163,2026-09,2026-09-01,205091000,2
3163,2026-08,2026-08-01,210064000,3
3163,2026-07,2026-07-01,181188000,4
3163,2026-06,2026-06-01,211521000,5
3163,2026-05,2026-05-01,199142000,6
3163,2026-04,2026-04-01,247473000,7
3163,2026-03,2026-03-01,173919000,8
3163,2026-02,2026-02-01,234703000,9
3163,2026-01,2026-01-01,223394000,10
3163,2025-12,2025-12-01,213422000,11
3163,2025-11,2025-11-01,186088000,12
3163,2025-10,2025-10-01,190099000,13
3163,2025-09,2025-09-01,186973000,14
3163,2025-08,2025-08-01,163280000,15
3163,2025-07,2025-07-01,204803000,16
3163,2025-06,2025-06-01,162745000,17
3163,2025-05,2025-05-01,170936000,18
3163,2025-04,2025-04-01,200110000,19
3163,2025-03,2025-03-01,165097000,20
3163,2025-02,2025-02-01,158704000,21
3163,2025-01,2025-01-01,166142000,22
3163,2024-12,2024-12-01,152549000,23
3163,2024-11,2024-11-01,157909000,24
3163,2024-10,2024-10-01,168434000,25
3163,2024-09,2024-09-01,140363000,26
3163,2024-08,2024-08-01,147626000,27
3163,2024-07,2024-07-01,176791000,28
3163,2024-06,2024-06-01,130878000,29
3163,2024-05,2024-05-01,151778000,30
3163,2024-04,2024-04-01,156182000,31
3163,2024-03,2024-03-01,155064000,32
3163,2024-02,2024-02-01,237554000,33
3163,2024-01,2024-01-01,268317000,34
3163,2023-12,2023-12-01,274338000,35
3163,2023-11,2023-11-01,262123000,36
3189,2026-10,2026-10-01,5181276000,1
3189,2026-09,2026-09-01,4809631000,2
3189,2026-08,2026-08-01,4548833000,3
3189,2026-07,2026-07-01,4224069000,4
3189,2026-06,2026-06-01,4199867000,5
3189,2026-05,2026-05-01,4072319000,6
3189,2026-04,2026-04-01,3939324000,7
3189,2026-03,2026-03-01,3204487000,8
3189,2026-02,2026-02-01,3961154000,9
3189,2026-01,2026-01-01,3688833000,10
3189,2025-12,2025-12-01,3521383000,11
3189,2025-11,2025-11-01,3601222000,12
3189,2025-10,2025-10-01,3586439000,13
3189,2025-09,2025-09-01,3421382000,14
3189,2025-08,2025-08-01,3348367000,15
3189,2025-07,2025-07-01,3193580000,16
3189,2025-06,2025-06-01,3157305000,17
3189,2025-05,2025-05-01,3212841000,18
3189,2025-04,2025-04-01,3150041000,19
3189,2025-03,2025-03-01,2913173000,20
3189,2025-02,2025-02-01,2556530000,21
3189,2025-01,2025-01-01,2945583000,22
3189,2024-12,2024-12-01,2520732000,23
3189,2024-11,2024-11-01,2576678000,24
3189,2024-10,2024-10-01,2646537000,25
3189,2024-09,2024-09-01,2858462000,26
3189,2024-08,2024-08-01,2692121000,27
3189,2024-07,2024-07-01,2400808000,28
3189,2024-06,2024-06-01,2511206000,29
3189,2024-05,2024-05-01,2388468000,30
3189,2024-04,2024-04-01,2443094000,31
3189,2024-03,2024-03-01,2238258000,32
3189,2024-02,2024-02-01,2313032000,33
3189,2024-01,2024-01-01,2450705000,34
3189,2023-12,2023-12-01,2530422000,35
3189,2023-11,2023-11-01,2508336000,36
3324,2026-09,2026-09-01,3141249000,1
3324,2026-08,2026-08-01,3765466000,2
3324,2026-07,2026-07-01,2718035000,3
3324,2026-06,2026-06-01,3138892000,4
3324,2026-05,2026-05-01,2842339000,5
3324,2026-04,2026-04-01,3329237000,6
3324,2026-03,2026-03-01,2178371000,7
3324,2026-02,2026-02-01,3041929000,8
3324,2026-01,2026-01-01,2821521000,9
3324,2025-12,2025-12-01,2443608000,10
3324,2025-11,2025-11-01,2329545000,11
3324,2025-10,2025-10-01,2340447000,12
3324,2025-09,2025-09-01,1878969000,13
3324,2025-08,2025-08-01,1737663000,14
3324,2025-07,2025-07-01,1676452000,15
3324,2025-06,2025-06-01,1620073000,16
3324,2025-05,2025-05-01,2017328000,17
3324,2025-04,2025-04-01,1736460000,18
3324,2025-03,2025-03-01,1304802000,19
3324,2025-02,2025-02-01,1372849000,20
3324,2025-01,2025-01-01,1359779000,21
3324,2024-12,2024-12-01,1370207000,22
3324,2024-11,2024-11-01,1395643000,23
3324,2024-10,2024-10-01,1424051000,24
3324,2024-09,2024-09-01,1424957000,25
3324,2024-08,2024-08-01,1368352000,26
3324,2024-07,2024-07-01,1691726000,27
3324,2024-06,2024-06-01,1375562000,28
3324,2024-05,2024-05-01,1215790000,29
3324,2024-04,2024-04-01,1137224000,30
3324,2024-03,2024-03-01,734828000,31
3324,2024-02,2024-02-01,1277332000,32
3324,2024-01,2024-01-01,1012516000,33
3324,2023-12,2023-12-01,1134393000,34
3324,2023-11,2023-11-01,1198024000,35
3324,2023-10,2023-10-01,1234989000,36
3363,2026-10,2026-10-01,224257000,1
3363,2026-09,2026-09-01,204482000,2
3363,2026-08,2026-08-01,170843000,3
3363,2026-07,2026-07-01,157445000,4
3363,2026-06,2026-06-01,143800000,5
3363,2026-05,2026-05-01,127943000,6
3363,2026-04,2026-04-01,117274000,7
3363,2026-03,2026-03-01,128013000,8
3363,2026-02,2026-02-01,136682000,9
3363,2026-01,2026-01-01,131042000,10
3363,2025-12,2025-12-01,125440000,11
3363,2025-11,2025-11-01,134292000,12
3363,2025-10,2025-10-01,174688000,13
3363,2025-09,2025-09-01,180642000,14
3363,2025-08,2025-08-01,152411000,15
3363,2025-07,2025-07-01,186770000,16
3363,2025-06,2025-06-01,191237000,17
3363,2025-05,2025-05-01,204069000,18
3363,2025-04,2025-04-01,157864000,19
3363,2025-03,2025-03-01,100272000,20
3363,2025-02,2025-02-01,153267000,21
3363,2025-01,2025-01-01,107627000,22
3363,2024-12,2024-12-01,150187000,23
3363,2024-11,2024-11-01,102062000,24
3363,2024-10,2024-10-01,122342000,25
3363,2024-09,2024-09-01,126641000,26
3363,2024-08,2024-08-01,133715000,27
3363,2024-07,2024-07-01,124041000,28
3363,2024-06,2024-06-01,115703000,29
3363,2024-05,2024-05-01,113020000,30
3363,2024-04,2024-04-01,108199000,31
3363,2024-03,2024-03-01,71672000,32
3363,2024-02,2024-02-01,88668000,33
3363,2024-01,2024-01-01,117796000,34
3363,2023-12,2023-12-01,107961000,35
3363,2023-11,2023-11-01,111518000,36
3443,2026-10,2026-10-01,7145236000,1
3443,2026-09,2026-09-01,5840094000,2
3443,2026-08,2026-08-01,5769170000,3
3443,2026-07,2026-07-01,4928512000,4
3443,2026-06,2026-06-01,4674012000,5
3443,2026-05,2026-05-01,4294033000,6
3443,2026-04,2026-04-01,3860470000,7
3443,2026-03,2026-03-01,3351500000,8
3443,2026-02,2026-02-01,4235842000,9
3443,2026-01,2026-01-01,4747837000,10
3443,2025-12,2025-12-01,3936093000,11
3443,2025-11,2025-11-01,3715719000,12
3443,2025-10,2025-10-01,3612747000,13
3443,2025-09,2025-09-01,2767549000,14
3443,2025-08,2025-08-01,2232812000,15
3443,2025-07,2025-07-01,2419270000,16
3443,2025-06,2025-06-01,2013507000,17
3443,2025-05,2025-05-01,1671800000,18
3443,2025-04,2025-04-01,2892233000,19
3443,2025-03,2025-03-01,2092746000,20
3443,2025-02,2025-02-01,2038665000,21
3443,2025-01,2025-01-01,2702478000,22
3443,2024-12,2024-12-01,1837436000,23
3443,2024-11,2024-11-01,1482729000,24
3443,2024-10,2024-10-01,1763514000,25
3443,2024-09,2024-09-01,1944750000,26
3443,2024-08,2024-08-01,2903133000,27
3443,2024-07,2024-07-01,2673120000,28
3443,2024-06,2024-06-01,2353184000,29
3443,2024-05,2024-05-01,1693477000,30
3443,2024-04,2024-04-01,2192386000,31
3443,2024-03,2024-03-01,1760131000,32
3443,2024-02,2024-02-01,1737854000,33
3443,2024-01,2024-01-01,2208208000,34
3443,2023-12,2023-12-01,1978714000,35
3443,2023-11,2023-11-01,2127874000,36
3450,2026-10,2026-10-01,1289341000,1
3450,2026-09,2026-09-01,1247981000,2
3450,2026-08,2026-08-01,1218533000,3
3450,2026-07,2026-07-01,1138635000,4
3450,2026-06,2026-06-01,960221000,5
3450,2026-05,2026-05-01,877785000,6
3450,2026-04,2026-04-01,727713000,7
3450,2026-03,2026-03-01,607616000,8
3450,2026-02,2026-02-01,751552000,9
3450,2026-01,2026-01-01,791973000,10
3450,2025-12,2025-12-01,631105000,11
3450,2025-11,2025-11-01,698870000,12
3450,2025-10,2025-10-01,645366000,13
3450,2025-09,2025-09-01,594962000,14
3450,2025-08,2025-08-01,615415000,15
3450,2025-07,2025-07-01,605082000,16
3450,2025-06,2025-06-01,640520000,17
3450,2025-05,2025-05-01,603299000,18
3450,2025-04,2025-04-01,977959000,19
3450,2025-03,2025-03-01,958464000,20
3450,2025-02,2025-02-01,821579000,21
3450,2025-01,2025-01-01,824908000,22
3450,2024-12,2024-12-01,786997000,23
3450,2024-11,2024-11-01,864645000,24
3450,2024-10,2024-10-01,797761000,25
3450,2024-09,2024-09-01,658197000,26
3450,2024-08,2024-08-01,644812000,27
3450,2024-07,2024-07-01,540921000,28
3450,2024-06,2024-06-01,575706000,29
3450,2024-05,2024-05-01,588227000,30
3450,2024-04,2024-04-01,477340000,31
3450,2024-03,2024-03-01,385194000,32
3450,2024-02,2024-02-01,422954000,33
3450,2024-01,2024-01-01,454498000,34
3450,2023-12,2023-12-01,484156000,35
3450,2023-11,2023-11-01,499660000,36
3665,2026-10,2026-10-01,9332402000,1
3665,2026-09,2026-09-01,8891805000,2
3665,2026-08,2026-08-01,9630165000,3
3665,2026-07,2026-07-01,8518109000,4
3665,2026-06,2026-06-01,7352121000,5
3665,2026-05,2026-05-01,7382955000,6
3665,2026-04,2026-04-01,7013696000,7
3665,2026-03,2026-03-01,6387852000,8
3665,2026-02,2026-02-01,7455820000,9
3665,2026-01,2026-01-01,6640666000,10
3665,2025-12,2025-12-01,6538775000,11
3665,2025-11,2025-11-01,6581490000,12
3665,2025-10,2025-10-01,6706222000,13
3665,2025-09,2025-09-01,5774218000,14
3665,2025-08,2025-08-01,6034282000,15
3665,2025-07,2025-07-01,5200632000,16
3665,2025-06,2025-06-01,5201409000,17
3665,2025-05,2025-05-01,6228086000,18
3665,2025-04,2025-04-01,5738989000,19
3665,2025-03,2025-03-01,5001880000,20
3665,2025-02,2025-02-01,5555836000,21
3665,2025-01,2025-01-01,4641987000,22
3665,2024-12,2024-12-01,4910750000,23
3665,2024-11,2024-11-01,4911147000,24
3665,2024-10,2024-10-01,4589632000,25
3665,2024-09,2024-09-01,4558801000,26
3665,2024-08,2024-08-01,5010561000,27
3665,2024-07,2024-07-01,4270645000,28
3665,2024-06,2024-06-01,4319672000,29
3665,2024-05,2024-05-01,4501705000,30
3665,2024-04,2024-04-01,4270952000,31
3665,2024-03,2024-03-01,3836515000,32
3665,2024-02,2024-02-01,4256429000,33
3665,2024-01,2024-01-01,3488338000,34
3665,2023-12,2023-12-01,4142794000,35
3665,2023-11,2023-11-01,4486505000,36
3711,2026-09,2026-09-01,82247374000,1
3711,2026-08,2026-08-01,73783701000,2
3711,2026-07,2026-07-01,65783102000,3
3711,2026-06,2026-06-01,63033313000,4
3711,2026-05,2026-05-01,62247107000,5
3711,2026-04,2026-04-01,61576674000,6
3711,2026-03,2026-03-01,52096847000,7
3711,2026-02,2026-02-01,59988631000,8
3711,2026-01,2026-01-01,58864547000,9
3711,2025-12,2025-12-01,58819584000,10
3711,2025-11,2025-11-01,60231106000,11
3711,2025-10,2025-10-01,60561227000,12
3711,2025-09,2025-09-01,56465628000,13
3711,2025-08,2025-08-01,51542033000,14
3711,2025-07,2025-07-01,49512621000,15
3711,2025-06,2025-06-01,49026935000,16
3711,2025-05,2025-05-01,52210767000,17
3711,2025-04,2025-04-01,53748213000,18
3711,2025-03,2025-03-01,44960788000,19
3711,2025-02,2025-02-01,49444261000,20
3711,2025-01,2025-01-01,52904645000,21
3711,2024-12,2024-12-01,52933333000,22
3711,2024-11,2024-11-01,56425583000,23
3711,2024-10,2024-10-01,55579391000,24
3711,2024-09,2024-09-01,52929761000,25
3711,2024-08,2024-08-01,51595954000,26
3711,2024-07,2024-07-01,46925404000,27
3711,2024-06,2024-06-01,47492772000,28
3711,2024-05,2024-05-01,45819887000,29
3711,2024-04,2024-04-01,45661425000,30
3711,2024-03,2024-03-01,39751076000,31
3711,2024-02,2024-02-01,47390354000,32
3711,2024-01,2024-01-01,49905503000,33
3711,2023-12,2023-12-01,54509085000,34
3711,2023-11,2023-11-01,56166613000,35
3711,2023-10,2023-10-01,53534708000,36
4938,2026-10,2026-10-01,214752761000,1
4938,2026-09,2026-09-01,88304931000,2
4938,2026-08,2026-08-01,86015154000,3
4938,2026-07,2026-07-01,91295615000,4
4938,2026-06,2026-06-01,95962959000,5
4938,2026-05,2026-05-01,87189236000,6
4938,2026-04,2026-04-01,83964774000,7
4938,2026-03,2026-03-01,67982207000,8
4938,2026-02,2026-02-01,92158230000,9
4938,2026-01,2026-01-01,99893947000,10
4938,2025-12,2025-12-01,101800641000,11
4938,2025-11,2025-11-01,117826131000,12
4938,2025-10,2025-10-01,114908884000,13
4938,2025-09,2025-09-01,65843721000,14
4938,2025-08,2025-08-01,77103455000,15
4938,2025-07,2025-07-01,78771196000,16
4938,2025-06,2025-06-01,85685084000,17
4938,2025-05,2025-05-01,102871394000,18
4938,2025-04,2025-04-01,84630395000,19
4938,2025-03,2025-03-01,82478016000,20
4938,2025-02,2025-02-01,105321840000,21
4938,2025-01,2025-01-01,102445999000,22
4938,2024-12,2024-12-01,105757504000,23
4938,2024-11,2024-11-01,118801102000,24
4938,2024-10,2024-10-01,109264099000,25
4938,2024-09,2024-09-01,88437775000,26
4938,2024-08,2024-08-01,96528903000,27
4938,2024-07,2024-07-01,70928276000,28
4938,2024-06,2024-06-01,93103612000,29
4938,2024-05,2024-05-01,89675820000,30
4938,2024-04,2024-04-01,74751634000,31
4938,2024-03,2024-03-01,66296038000,32
4938,2024-02,2024-02-01,109353732000,33
4938,2024-01,2024-01-01,83100034000,34
4938,2023-12,2023-12-01,116781153000,35
4938,2023-11,2023-11-01,142204362000,36
4979,2026-10,2026-10-01,574774000,1
4979,2026-09,2026-09-01,545866000,2
4979,2026-08,2026-08-01,508777000,3
4979,2026-07,2026-07-01,455083000,4
4979,2026-06,2026-06-01,421247000,5
4979,2026-05,2026-05-01,412778000,6
4979,2026-04,2026-04-01,451568000,7
4979,2026-03,2026-03-01,329586000,8
4979,2026-02,2026-02-01,412324000,9
4979,2026-01,2026-01-01,421117000,10
4979,2025-12,2025-12-01,414874000,11
4979,2025-11,2025-11-01,318369000,12
4979,2025-10,2025-10-01,290607000,13
4979,2025-09,2025-09-01,397141000,14
4979,2025-08,2025-08-01,388346000,15
4979,2025-07,2025-07-01,356414000,16
4979,2025-06,2025-06-01,347922000,17
4979,2025-05,2025-05-01,383150000,18
4979,2025-04,2025-04-01,375732000,19
4979,2025-03,2025-03-01,366068000,20
4979,2025-02,2025-02-01,325106000,21
4979,2025-01,2025-01-01,351851000,22
4979,2024-12,2024-12-01,366735000,23
4979,2024-11,2024-11-01,329524000,24
4979,2024-10,2024-10-01,324554000,25
4979,2024-09,2024-09-01,319033000,26
4979,2024-08,2024-08-01,302044000,27
4979,2024-07,2024-07-01,267703000,28
4979,2024-06,2024-06-01,264096000,29
4979,2024-05,2024-05-01,269469000,30
4979,2024-04,2024-04-01,263114000,31
4979,2024-03,2024-03-01,178135000,32
4979,2024-02,2024-02-01,214785000,33
4979,2024-01,2024-01-01,293695000,34
4979,2023-12,2023-12-01,390314000,35
4979,2023-11,2023-11-01,327755000,36
5274,2026-09,2026-09-01,1625937000,1
5274,2026-08,2026-08-01,1524018000,2
5274,2026-07,2026-07-01,1310195000,3
5274,2026-06,2026-06-01,1282174000,4
5274,2026-05,2026-05-01,1279040000,5
5274,2026-04,2026-04-01,1235429000,6
5274,2026-03,2026-03-01,1010964000,7
5274,2026-02,2026-02-01,900364000,8
5274,2026-01,2026-01-01,872214000,9
5274,2025-12,2025-12-01,840288000,10
5274,2025-11,2025-11-01,730624000,11
5274,2025-10,2025-10-01,814367000,12
5274,2025-09,2025-09-01,744425000,13
5274,2025-08,2025-08-01,771292000,14
5274,2025-07,2025-07-01,782343000,15
5274,2025-06,2025-06-01,759860000,16
5274,2025-05,2025-05-01,704344000,17
5274,2025-04,2025-04-01,755030000,18
5274,2025-03,2025-03-01,609219000,19
5274,2025-02,2025-02-01,700869000,20
5274,2025-01,2025-01-01,736877000,21
5274,2024-12,2024-12-01,681054000,22
5274,2024-11,2024-11-01,685782000,23
5274,2024-10,2024-10-01,708152000,24
5274,2024-09,2024-09-01,677094000,25
5274,2024-08,2024-08-01,601189000,26
5274,2024-07,2024-07-01,504814000,27
5274,2024-06,2024-06-01,435334000,28
5274,2024-05,2024-05-01,415897000,29
5274,2024-04,2024-04-01,359069000,30
5274,2024-03,2024-03-01,292096000,31
5274,2024-02,2024-02-01,362308000,32
5274,2024-01,2024-01-01,318583000,33
5274,2023-12,2023-12-01,341994000,34
5274,2023-11,2023-11-01,323669000,35
5274,2023-10,2023-10-01,321568000,36
5289,2026-10,2026-10-01,8712798000,1
5289,2026-09,2026-09-01,8680123000,2
5289,2026-08,2026-08-01,8494810000,3
5289,2026-07,2026-07-01,8207987000,4
5289,2026-06,2026-06-01,7564591000,5
5289,2026-05,2026-05-01,6670833000,6
5289,2026-04,2026-04-01,5672453000,7
5289,2026-03,2026-03-01,4178683000,8
5289,2026-02,2026-02-01,3331472000,9
5289,2026-01,2026-01-01,1813153000,10
5289,2025-12,2025-12-01,1596065000,11
5289,2025-11,2025-11-01,1397472000,12
5289,2025-10,2025-10-01,1370557000,13
5289,2025-09,2025-09-01,1283486000,14
5289,2025-08,2025-08-01,1153358000,15
5289,2025-07,2025-07-01,1030756000,16
5289,2025-06,2025-06-01,1021135000,17
5289,2025-05,2025-05-01,976538000,18
5289,2025-04,2025-04-01,970015000,19
5289,2025-03,2025-03-01,830404000,20
5289,2025-02,2025-02-01,818323000,21
5289,2025-01,2025-01-01,720756000,22
5289,2024-12,2024-12-01,759244000,23
5289,2024-11,2024-11-01,748005000,24
5289,2024-10,2024-10-01,712853000,25
5289,2024-09,2024-09-01,789600000,26
5289,2024-08,2024-08-01,818966000,27
5289,2024-07,2024-07-01,749527000,28
5289,2024-06,2024-06-01,675797000,29
5289,2024-05,2024-05-01,764905000,30
5289,2024-04,2024-04-01,755176000,31
5289,2024-03,2024-03-01,623797000,32
5289,2024-02,2024-02-01,797016000,33
5289,2024-01,2024-01-01,718585000,34
5289,2023-12,2023-12-01,722497000,35
5289,2023-11,2023-11-01,688967000,36
5434,2026-09,2026-09-01,7791761000,1
5434,2026-08,2026-08-01,8173773000,2
5434,2026-07,2026-07-01,7507318000,3
5434,2026-06,2026-06-01,6542058000,4
5434,2026-05,2026-05-01,6776034000,5
5434,2026-04,2026-04-01,7014545000,6
5434,2026-03,2026-03-01,5517727000,7
5434,2026-02,2026-02-01,6004421000,8
5434,2026-01,2026-01-01,6479605000,9
5434,2025-12,2025-12-01,5740079000,10
5434,2025-11,2025-11-01,5078957000,11
5434,2025-10,2025-10-01,6092008000,12
5434,2025-09,2025-09-01,5715135000,13
5434,2025-08,2025-08-01,5731436000,14
5434,2025-07,2025-07-01,5650654000,15
5434,2025-06,2025-06-01,5515648000,16
5434,2025-05,2025-05-01,5820548000,17
5434,2025-04,2025-04-01,5369196000,18
5434,2025-03,2025-03-01,4843533000,19
5434,2025-02,2025-02-01,5546732000,20
5434,2025-01,2025-01-01,5450180000,21
5434,2024-12,2024-12-01,5218606000,22
5434,2024-11,2024-11-01,5238146000,23
5434,2024-10,2024-10-01,5314010000,24
5434,2024-09,2024-09-01,5304489000,25
5434,2024-08,2024-08-01,4748025000,26
5434,2024-07,2024-07-01,4530736000,27
5434,2024-06,2024-06-01,4581022000,28
5434,2024-05,2024-05-01,4679738000,29
5434,2024-04,2024-04-01,4138871000,30
5434,2024-03,2024-03-01,3744480000,31
5434,2024-02,2024-02-01,4048510000,32
5434,2024-01,2024-01-01,3927480000,33
5434,2023-12,2023-12-01,3961991000,34
5434,2023-11,2023-11-01,4343215000,35
5434,2023-10,2023-10-01,4210501000,36
6442,2026-10,2026-10-01,2061154000,1
6442,2026-09,2026-09-01,1628177000,2
6442,2026-08,2026-08-01,1229355000,3
6442,2026-07,2026-07-01,1069405000,4
6442,2026-06,2026-06-01,1725672000,5
6442,2026-05,2026-05-01,886439000,6
6442,2026-04,2026-04-01,1012955000,7
6442,2026-03,2026-03-01,738625000,8
6442,2026-02,2026-02-01,954509000,9
6442,2026-01,2026-01-01,1185469000,10
6442,2025-12,2025-12-01,809742000,11
6442,2025-11,2025-11-01,1006381000,12
6442,2025-10,2025-10-01,1045018000,13
6442,2025-09,2025-09-01,645477000,14
6442,2025-08,2025-08-01,823662000,15
6442,2025-07,2025-07-01,1052104000,16
6442,2025-06,2025-06-01,798847000,17
6442,2025-05,2025-05-01,1057879000,18
6442,2025-04,2025-04-01,576974000,19
6442,2025-03,2025-03-01,512631000,20
6442,2025-02,2025-02-01,1015105000,21
6442,2025-01,2025-01-01,1361285000,22
6442,2024-12,2024-12-01,554701000,23
6442,2024-11,2024-11-01,587739000,24
6442,2024-10,2024-10-01,561522000,25
6442,2024-09,2024-09-01,533264000,26
6442,2024-08,2024-08-01,546113000,27
6442,2024-07,2024-07-01,588151000,28
6442,2024-06,2024-06-01,495060000,29
6442,2024-05,2024-05-01,359103000,30
6442,2024-04,2024-04-01,322871000,31
6442,2024-03,2024-03-01,250814000,32
6442,2024-02,2024-02-01,252633000,33
6442,2024-01,2024-01-01,232903000,34
6442,2023-12,2023-12-01,156024000,35
6442,2023-11,2023-11-01,231218000,36
6830,2026-10,2026-10-01,264589000,1
6830,2026-09,2026-09-01,254051000,2
6830,2026-08,2026-08-01,240751000,3
6830,2026-07,2026-07-01,206268000,4
6830,2026-06,2026-06-01,217107000,5
6830,2026-05,2026-05-01,211780000,6
6830,2026-04,2026-04-01,224233000,7
6830,2026-03,2026-03-01,152439000,8
6830,2026-02,2026-02-01,202054000,9
6830,2026-01,2026-01-01,213484000,10
6830,2025-12,2025-12-01,207144000,11
6830,2025-11,2025-11-01,171566000,12
6830,2025-10,2025-10-01,193543000,13
6830,2025-09,2025-09-01,192532000,14
6830,2025-08,2025-08-01,190849000,15
6830,2025-07,2025-07-01,186903000,16
6830,2025-06,2025-06-01,181797000,17
6830,2025-05,2025-05-01,176136000,18
6830,2025-04,2025-04-01,182487000,19
6830,2025-03,2025-03-01,121200000,20
6830,2025-02,2025-02-01,161006000,21
6830,2025-01,2025-01-01,174821000,22
6830,2024-12,2024-12-01,168464000,23
6830,2024-11,2024-11-01,160730000,24
6830,2024-10,2024-10-01,166502000,25
6830,2024-09,2024-09-01,170870000,26
6830,2024-08,2024-08-01,181140000,27
6830,2024-07,2024-07-01,174683000,28
6830,2024-06,2024-06-01,181012000,29
6830,2024-05,2024-05-01,153596000,30
6830,2024-04,2024-04-01,152794000,31
6830,2024-03,2024-03-01,123583000,32
6830,2024-02,2024-02-01,158474000,33
6830,2024-01,2024-01-01,161516000,34
6830,2023-12,2023-12-01,164562000,35
6830,2023-11,2023-11-01,143023000,36
8299,2026-10,2026-10-01,30638984000,1
8299,2026-09,2026-09-01,28275661000,2
8299,2026-08,2026-08-01,27161687000,3
8299,2026-07,2026-07-01,24852784000,4
8299,2026-06,2026-06-01,22827979000,5
8299,2026-05,2026-05-01,20207493000,6
8299,2026-04,2026-04-01,18316974000,7
8299,2026-03,2026-03-01,12198386000,8
8299,2026-02,2026-02-01,10451593000,9
8299,2026-01,2026-01-01,8711746000,10
8299,2025-12,2025-12-01,7021586000,11
8299,2025-11,2025-11-01,7065326000,12
8299,2025-10,2025-10-01,6515278000,13
8299,2025-09,2025-09-01,5933811000,14
8299,2025-08,2025-08-01,5687708000,15
8299,2025-07,2025-07-01,6197679000,16
8299,2025-06,2025-06-01,5689559000,17
8299,2025-05,2025-05-01,6002833000,18
8299,2025-04,2025-04-01,5697759000,19
8299,2025-03,2025-03-01,4527416000,20
8299,2025-02,2025-02-01,3613390000,21
8299,2025-01,2025-01-01,4521378000,22
8299,2024-12,2024-12-01,4333904000,23
8299,2024-11,2024-11-01,3717027000,24
8299,2024-10,2024-10-01,4430879000,25
8299,2024-09,2024-09-01,4805588000,26
8299,2024-08,2024-08-01,4706092000,27
8299,2024-07,2024-07-01,5361009000,28
8299,2024-06,2024-06-01,5377566000,29
8299,2024-05,2024-05-01,5156193000,30
8299,2024-04,2024-04-01,6774966000,31
8299,2024-03,2024-03-01,4664908000,32
8299,2024-02,2024-02-01,5086003000,33
8299,2024-01,2024-01-01,5181825000,34
8299,2023-12,2023-12-01,5407270000,35
8299,2023-11,2023-11-01,5158905000,36
