ticker,price,price_date,as_of
2059,13100.0,2026-10-06,2026-10-06
2303,147.5,2026-10-06,2026-10-06
2327,625.0,2026-10-06,2026-10-06
2330,2585.0,2026-10-06,2026-10-06
2344,177.5,2026-10-06,2026-10-06
2376,380.0,2026-10-06,2026-10-06
2408,525.0,2026-10-06,2026-10-06
2409,30.5,2026-09-09,2026-09-09
2454,4920.0,2026-10-06,2026-10-06
2455,567.0,2026-10-06,2026-10-06
2465,90.7,2026-10-06,2026-10-06
3034,537.0,2026-10-06,2026-10-06
3081,2920.0,2026-10-06,2026-10-06
3105,592.0,2026-10-06,2026-10-06
3163,689.0,2026-10-06,2026-10-06
3189,1070.0,2026-10-06,2026-10-06
3324,1385.0,2026-09-10,2026-09-10
3363,650.0,2026-10-06,2026-10-06
3443,8375.0,2026-10-06,2026-10-06
3450,531.0,2026-10-06,2026-10-06
3665,2325.0,2026-10-06,2026-10-06
3711,640.0,2026-09-10,2026-09-10
4938,90.0,2026-10-06,2026-10-06
4979,568.0,2026-10-06,2026-10-06
5289,1265.0,2026-10-06,2026-10-06
5434,619.0,2026-10-06,2026-10-06
6442,1650.0,2026-10-06,2026-10-06
6830,527.0,2026-10-06,2026-10-06
8299,2090.0,2026-10-06,2026-10-06
