ticker,ex_date,cash_dividend,stock_ratio
2059,2016-08-29,10.1,0.0
2059,2026-08-27,51.0,0.0
2059,2025-08-28,32.2,0.0
2059,2024-08-29,14.19,0.0
2059,2023-08-29,20.0,0.0
2059,2022-08-30,10.88,0.0
2059,2021-08-26,6.12,0.0
2059,2020-08-27,8.0,0.0
2059,2019-08-27,9.5,0.0
2059,2018-08-29,5.0,0.0
2059,2017-08-29,8.25,0.0
2059,2015-08-27,9.0,0.0
2330,2020-06-18,2.5,0.0
2330,2020-03-19,2.5,0.0
2330,2019-12-19,2.5,0.0
2330,2019-09-19,2.0,0.0
2330,2026-09-16,7.00000137,0.0
2330,2018-06-25,8.0,0.0
2330,2017-06-26,7.0,0.0
2330,2016-06-27,6.0,0.0
2330,2020-09-17,2.5,0.0
2330,2019-06-24,8.0,0.0
2330,2020-12-17,2.5,0.0
2330,2015-06-29,4.49987539,0.0
2330,2021-06-17,2.5,0.0
2330,2026-06-11,6.00003573,0.0
2330,2026-03-17,6.00003573,0.0
2330,2025-12-11,5.00001118,0.0
2330,2025-09-16,5.00001754,0.0
2330,2025-06-12,4.50002042,0.0
2330,2025-03-18,4.50002042,0.0
2330,2024-12-12,3.99963706,0.0
2330,2024-09-12,4.0001382,0.0
2330,2024-06-13,3.49978969,0.0
2330,2024-03-18,3.49978969,0.0
2330,2021-03-17,2.5,0.0
2330,2023-09-14,3.0,0.0
2330,2023-12-14,3.0,0.0
2330,2022-06-16,2.75,0.0
2330,2022-03-16,2.75,0.0
2330,2022-09-15,2.75,0.0
2330,2022-12-15,2.75,0.0
2330,2023-03-16,2.74982072,0.0
2330,2023-06-15,2.74982072,0.0
2330,2021-12-16,2.75,0.0
2330,2021-09-16,2.75,0.0
2376,2019-07-15,3.0,0.0
2376,2016-07-11,2.5,0.0
2376,2020-07-15,2.2,0.0
2376,2021-07-08,5.0,0.0
2376,2022-08-04,12.0,0.0
2376,2023-08-03,6.2,0.0
2376,2015-07-20,2.69978539,0.0
2376,2024-08-05,6.35794327,0.0
2376,2018-07-12,4.0,0.0
2376,2017-07-06,2.5996283900000003,0.0
2376,2026-08-03,12.0,0.0
2376,2025-07-30,10.0,0.0
2408,2026-07-07,1.34714912,0.0
2408,2023-06-28,2.13036346,0.0
2408,2022-06-30,3.70281307,0.0
2408,2015-07-09,1.9984,0.0
2408,2016-07-21,2.8,0.0
2408,2017-06-20,1.5,0.0
2408,2018-06-28,3.508727,0.0
2408,2019-07-04,7.1104997,0.0
2408,2021-08-05,1.29660236,0.0
2408,2020-07-02,1.49728963,0.0
2455,2016-07-07,2.17648422,0.0
2455,2026-06-26,2.62055653,0.0
2455,2015-06-25,2.0,0.0
2455,2017-07-03,2.53079561,0.0
2455,2018-07-09,2.5,0.0
2455,2019-06-27,2.5,0.0
2455,2020-07-01,2.50002704,0.0
2455,2021-08-13,2.59,0.0
2455,2022-06-23,4.0,0.0
2455,2023-06-26,2.3,0.0
2455,2024-06-24,2.2,0.0
2455,2025-06-20,3.21761015,0.0
3034,2025-07-09,28.0,0.0
3034,2020-07-13,10.5,0.0
3034,2024-07-10,32.0,0.0
3034,2023-07-11,37.0,0.0
3034,2022-07-12,51.5,0.0
3034,2021-08-17,15.6,0.0
3034,2019-07-12,8.8,0.0
3034,2026-07-10,23.0,0.0
3034,2017-07-11,7.0,0.0
3034,2016-07-12,9.0,0.0
3034,2015-07-14,10.0,0.0
3034,2018-07-12,7.1,0.0
3081,2024-07-22,0.4999733,0.0
3081,2019-06-13,5.00093457,0.0
3081,2023-07-25,3.50022859,0.0
3081,2026-07-15,3.0,0.1
3081,2021-08-16,5.0,0.0
3081,2020-06-24,4.00006598,0.0
3081,2025-07-14,0.50002215,0.0
3081,2018-06-14,5.0,0.0
3081,2016-08-02,9.0,0.3
3081,2017-06-03,8.0,0.0
3081,2022-07-25,3.50001914,0.0
3081,2015-09-07,7.0,0.15
3163,2025-06-24,3.0,0.0
3163,2024-06-27,3.6,0.0
3163,2023-06-28,4.2,0.0
3163,2022-06-30,1.0,0.0
3163,2021-09-01,2.5,0.0
3163,2020-08-21,1.15946215,0.0
3163,2019-08-20,0.6,0.0
3163,2017-08-31,2.20148192,0.0
3163,2015-09-03,1.08217,0.0
3163,2026-07-28,1.75,0.175
3189,2020-08-21,1.00037429,0.0
3189,2021-08-19,1.00000735,0.0
3189,2022-07-28,4.5,0.0
3189,2015-08-11,4.0,0.0
3189,2016-08-09,3.5,0.0
3189,2018-08-14,1.5,0.0
3189,2023-07-13,6.47563615,0.0
3189,2024-07-04,1.00010784,0.0
3189,2025-07-03,1.00017193,0.0
3189,2026-07-02,1.51756444,0.0
3189,2017-08-08,3.0,0.0
3189,2019-08-21,1.49906626,0.0
3363,2017-08-25,0.50013798,0.0
3363,2024-03-11,0.5,0.0
3363,2023-06-28,0.5,0.0
3363,2022-06-24,1.6,0.0
3363,2021-06-25,1.0,0.0
3363,2020-06-24,0.8,0.0
3363,2019-07-04,1.5,0.0
3363,2015-08-28,0.49612527,0.0
3363,2018-08-28,1.0,0.0
3665,2024-07-23,8.7807351,0.0
3665,2023-07-25,9.88572038,0.00968169022
3665,2022-07-14,9.44960126,0.0
3665,2016-08-04,5.40487048,0.049135186
3665,2020-07-15,9.0,0.0
3665,2019-08-02,7.5,0.0
3665,2018-08-02,6.82777213,0.0
3665,2017-08-03,6.31417841,0.0
3665,2016-08-04,5.40487048,0.049135186
3665,2025-07-17,10.50548249,0.0098836074
3665,2015-07-29,4.96882454,0.049688236000000004
3665,2026-07-15,15.18493889,0.0
5289,2018-08-30,5.60914377,0.029521806
5289,2019-08-22,6.0,0.02
5289,2020-08-21,7.5,0.02
5289,2021-08-05,6.69560253,0.0
5289,2022-07-29,11.5240749,0.029548907000000003
5289,2023-08-21,13.78192729,0.0199738
5289,2024-07-15,10.2,0.02
5289,2025-08-28,9.37723774,0.01995157
5289,2026-08-27,16.83491506,0.019922972
5289,2017-08-30,3.88234268,0.048529283
5289,2016-08-25,4.46615222,0.049623913
5289,2015-08-18,4.5,0.05
5434,2015-08-18,3.7,0.03
5434,2017-08-15,5.0,0.0
5434,2018-08-16,4.2,0.0
5434,2019-07-23,5.3,0.0
5434,2020-07-10,6.5,0.0
5434,2021-06-03,8.0,0.0
5434,2022-06-09,8.8,0.0
5434,2023-06-08,10.0,0.0
5434,2016-08-15,3.9,0.02
5434,2024-06-24,9.99658303,0.0
5434,2025-07-01,11.98556796,0.0
5434,2026-07-16,13.41809587,0.0
6442,2020-08-04,1.36,0.0
6442,2019-07-22,1.5,0.05
6442,2022-07-27,1.2,0.0
6442,2017-07-13,3.3,0.0
6442,2016-07-21,3.0,0.0
6442,2015-06-09,2.0,0.0
6442,2023-07-19,2.1,0.0
6442,2024-07-25,2.1,0.0
6442,2025-07-17,8.62269123,0.0
6442,2026-07-15,11.25866649,0.0
6442,2021-08-19,1.0,0.0
6442,2018-06-27,2.0,0.0
