ticker,eps_f1,eps_f2,fy1_end,n_analysts,as_of
2059,352.26392,497.7669,2026-12-31,11.0,2026-10-02
2303,6.98465,7.20673,2026-12-31,13.0,2026-10-02
2327,20.06225,31.32791,2026-12-31,3.0,2026-10-02
2330,107.8899,143.19019,2026-12-31,23.0,2026-10-02
2344,25.494,50.89581,2026-12-31,6.0,2026-10-02
2376,34.42047,37.48218,2026-12-31,8.0,2026-10-02
2408,69.46359,102.048,2026-12-31,6.0,2026-10-02
2409,1.38553,0.50095,2026-12-31,5.0,2026-09-09
2454,68.24171,146.93588,2026-12-31,15.0,2026-10-02
2455,5.5396,9.2857,2026-12-31,9.0,2026-10-02
2465,,,,,2026-10-02
3034,33.70448,35.32413,2026-12-31,14.0,2026-10-02
3081,19.75802,39.34484,2026-12-31,2.0,2026-10-02
3105,7.70365,10.11566,2026-12-31,9.0,2026-10-02
3163,,,,,2026-10-02
3189,11.05445,27.43637,2026-12-31,9.0,2026-10-02
3324,55.79346,75.15926,2026-12-31,8.0,2026-09-10
3363,-0.53,12.97667,2026-12-31,1.0,2026-10-02
3443,52.58383,119.08631,2026-12-31,16.0,2026-10-02
3450,11.97,11.97,2026-12-31,,2026-10-02
3665,68.77689,119.70807,2026-12-31,9.0,2026-10-02
3711,18.57398,28.04112,2026-12-31,14.0,2026-09-10
4938,5.64988,7.21919,2026-12-31,6.0,2026-10-02
4979,7.39,14.13,2026-12-31,1.0,2026-10-02
5289,353.215,194.82417,2026-12-31,2.0,2026-10-02
5434,30.55,34.41,2026-12-31,3.0,2026-10-02
6442,62.01,130.0,2026-12-31,1.0,2026-10-02
6830,5.13,14.65,2026-12-31,1.0,2026-10-02
8299,366.46234,265.3788,2026-12-31,7.0,2026-10-02
